object={
	name="tree_palm_generator_1_0"
	clamp_to_water_level=no
	render_under_water=no
	generated_content=yes
	layer="tree_layer"
	pdxmesh="tree_palm_mesh"
	count=1633
	transform="3343.089111 0.000000 1738.614746 0.000000 0.310859 0.000000 -0.950456 0.994211 0.994211 0.994211
3347.058838 0.000000 1751.828857 0.000000 0.988522 0.000000 0.151076 0.720823 0.720823 0.720823
3347.562500 0.000000 1746.203125 0.000000 0.677332 0.000000 0.735678 0.578420 0.578420 0.578420
3346.849854 0.000000 1748.913818 0.000000 0.339858 0.000000 -0.940477 0.986179 0.986179 0.986179
3349.650879 0.000000 1750.954590 0.000000 0.091973 0.000000 -0.995761 0.995447 0.995447 0.995447
3348.690186 0.000000 1752.410645 0.000000 0.988933 0.000000 -0.148366 0.776391 0.776391 0.776391
3346.635254 0.000000 1753.452148 0.000000 0.498930 0.000000 0.866643 0.564782 0.564782 0.564782
3352.375977 0.000000 1764.049683 0.000000 0.460448 0.000000 -0.887687 0.942967 0.942967 0.942967
3353.850098 0.000000 1776.283447 0.000000 0.950285 0.000000 -0.311382 0.808252 0.808252 0.808252
3353.727295 0.000000 1765.336792 0.000000 0.863480 0.000000 0.504382 0.656605 0.656605 0.656605
3352.820068 0.000000 1768.785645 0.000000 0.774478 0.000000 -0.632600 0.874075 0.874075 0.874075
3352.092285 0.000000 1776.559937 0.000000 0.153543 0.000000 -0.988142 1.010612 1.010612 1.010612
3352.054443 0.000000 1791.101807 0.000000 0.980424 0.000000 0.196896 0.714876 0.714876 0.714876
3219.074463 0.000000 1911.789795 0.000000 0.962081 0.000000 0.272763 0.692349 0.692349 0.692349
3216.279541 0.000000 1909.800903 0.000000 0.922322 0.000000 -0.386423 0.831457 0.831457 0.831457
3218.865479 0.000000 1908.874756 0.000000 0.029085 0.000000 0.999577 0.481103 0.481103 0.481103
3222.322266 0.000000 1905.279663 0.000000 0.889365 0.000000 0.457198 0.653577 0.653577 0.653577
3227.502930 0.000000 1901.890137 0.000000 0.205785 0.000000 -0.978597 0.983991 0.983991 0.983991
3217.993896 0.000000 1904.351807 0.000000 0.928418 0.000000 -0.371538 0.824092 0.824092 0.824092
3225.865723 0.000000 1904.252197 0.000000 0.628194 0.000000 -0.778057 0.907005 0.907005 0.907005
3226.313232 0.000000 1900.557983 0.000000 0.309049 0.000000 -0.951046 0.965641 0.965641 0.965641
3220.463623 0.000000 1900.394531 0.000000 0.352769 0.000000 0.935710 0.539591 0.539591 0.539591
3224.107910 0.000000 1904.528687 0.000000 0.927388 0.000000 0.374101 0.682478 0.682478 0.682478
3218.650879 0.000000 1913.413086 0.000000 0.646265 0.000000 -0.763113 0.898974 0.898974 0.898974
3221.909180 0.000000 1901.779541 0.000000 0.208355 0.000000 -0.978053 0.986598 0.986598 0.986598
3324.030762 0.000000 1872.651489 0.000000 0.937293 0.000000 -0.348543 0.825493 0.825493 0.825493
3326.069336 0.000000 1869.815430 0.000000 0.968201 0.000000 0.250172 0.702773 0.702773 0.702773
3326.612549 0.000000 1866.955933 0.000000 0.642028 0.000000 -0.766681 0.903851 0.903851 0.903851
3323.491211 0.000000 1869.897949 0.000000 0.689503 0.000000 0.724283 0.597350 0.597350 0.597350
3325.604736 0.000000 1875.998901 0.000000 0.856497 0.000000 -0.516152 0.844594 0.844594 0.844594
3322.301514 0.000000 1868.565796 0.000000 0.637438 0.000000 -0.770501 0.915773 0.915773 0.915773
3325.288574 0.000000 1868.240234 0.000000 0.724351 0.000000 0.689431 0.615613 0.615613 0.615613
3324.717041 0.000000 1874.275757 0.000000 0.889426 0.000000 0.457080 0.667204 0.667204 0.667204
3223.104492 0.000000 1929.234375 0.000000 0.086098 0.000000 0.996287 0.487729 0.487729 0.487729
3231.362549 0.000000 1927.865723 0.000000 0.530896 0.000000 0.847437 0.565122 0.565122 0.565122
3215.104736 0.000000 1930.567871 0.000000 0.093952 0.000000 -0.995577 1.033274 1.033274 1.033274
3218.484619 0.000000 1925.948853 0.000000 0.807142 0.000000 0.590357 0.617509 0.617509 0.617509
3224.391602 0.000000 1924.010620 0.000000 0.432966 0.000000 -0.901410 0.987505 0.987505 0.987505
3226.977783 0.000000 1927.333008 0.000000 0.998854 0.000000 0.047862 0.740708 0.740708 0.740708
3227.581543 0.000000 1925.087280 0.000000 0.770116 0.000000 -0.637904 0.880370 0.880370 0.880370
3215.133057 0.000000 1928.332642 0.000000 0.829338 0.000000 -0.558747 0.862398 0.862398 0.862398
3231.796631 0.000000 1926.615356 0.000000 0.765250 0.000000 -0.643733 0.877873 0.877873 0.877873
3291.279541 0.000000 2014.853882 0.000000 0.391470 0.000000 -0.920191 0.946595 0.946595 0.946595
3292.918945 0.000000 2016.765137 0.000000 0.500944 0.000000 -0.865480 0.958900 0.958900 0.958900
3288.383789 0.000000 2019.987183 0.000000 0.988628 0.000000 -0.150384 0.780569 0.780569 0.780569
3291.791748 0.000000 2027.370605 0.000000 0.799466 0.000000 -0.600711 0.857686 0.857686 0.857686
3290.969971 0.000000 2023.309570 0.000000 0.411657 0.000000 -0.911339 0.911330 0.911330 0.911330
3288.820557 0.000000 2030.213989 0.000000 0.416710 0.000000 0.909040 0.566379 0.566379 0.566379
3290.999756 0.000000 2018.779053 0.000000 0.911076 0.000000 -0.412239 0.835329 0.835329 0.835329
3288.849854 0.000000 2027.460693 0.000000 0.269988 0.000000 0.962864 0.489458 0.489458 0.489458
3291.495117 0.000000 2029.858887 0.000000 0.891768 0.000000 0.452494 0.667310 0.667310 0.667310
3288.490967 0.000000 2022.766113 0.000000 0.552686 0.000000 -0.833390 0.930137 0.930137 0.930137
3290.391846 0.000000 2025.586792 0.000000 0.999847 0.000000 -0.017495 0.753376 0.753376 0.753376
3291.573730 0.000000 2021.063843 0.000000 0.580856 0.000000 0.814006 0.571307 0.571307 0.571307
3286.965576 0.000000 2031.198120 0.000000 0.875997 0.000000 0.482317 0.652040 0.652040 0.652040
3290.305420 0.000000 2028.526733 0.000000 0.848437 0.000000 -0.529297 0.848224 0.848224 0.848224
3290.402344 0.000000 2026.981079 0.000000 0.149301 0.000000 -0.988792 0.987456 0.987456 0.987456
3290.775146 0.000000 2022.103149 0.000000 0.855820 0.000000 -0.517274 0.826500 0.826500 0.826500
3352.854248 0.000000 1791.727783 0.000000 0.420965 0.000000 0.907077 0.548623 0.548623 0.548623
3359.338867 0.000000 1813.188354 0.000000 0.649239 0.000000 0.760585 0.575481 0.575481 0.575481
3350.458984 0.000000 1795.294067 0.000000 0.017485 0.000000 -0.999847 0.988637 0.988637 0.988637
3351.771484 0.000000 1794.841553 0.000000 0.816741 0.000000 -0.577005 0.844492 0.844492 0.844492
3359.877197 0.000000 1809.931519 0.000000 0.789247 0.000000 0.614076 0.627246 0.627246 0.627246
3359.911621 0.000000 1813.499634 0.000000 0.935103 0.000000 -0.354377 0.823152 0.823152 0.823152
3327.916260 0.000000 1868.850098 0.000000 0.929710 0.000000 0.368292 0.679555 0.679555 0.679555
3347.343262 0.000000 1866.859619 0.000000 0.788738 0.000000 0.614729 0.618539 0.618539 0.618539
3333.840332 0.000000 1866.296509 0.000000 0.949759 0.000000 -0.312983 0.813032 0.813032 0.813032
3329.248291 0.000000 1865.051025 0.000000 0.556438 0.000000 -0.830889 0.939780 0.939780 0.939780
3329.895752 0.000000 1871.418945 0.000000 0.766158 0.000000 0.642652 0.611800 0.611800 0.611800
3340.869873 0.000000 1873.559326 0.000000 0.305948 0.000000 0.952048 0.545123 0.545123 0.545123
3338.188232 0.000000 1874.083618 0.000000 0.932080 0.000000 0.362253 0.684931 0.684931 0.684931
3347.954590 0.000000 1864.153076 0.000000 0.744335 0.000000 0.667807 0.616296 0.616296 0.616296
3331.702393 0.000000 1864.968384 0.000000 0.952411 0.000000 0.304818 0.692670 0.692670 0.692670
3327.597900 0.000000 1866.410278 0.000000 0.933551 0.000000 -0.358444 0.814559 0.814559 0.814559
3331.907471 0.000000 1871.869263 0.000000 0.673991 0.000000 0.738739 0.592887 0.592887 0.592887
3339.319336 0.000000 1875.134888 0.000000 0.963754 0.000000 0.266793 0.702593 0.702593 0.702593
3341.759277 0.000000 1872.521240 0.000000 0.920378 0.000000 -0.391029 0.815332 0.815332 0.815332
3791.034424 0.000000 1930.567871 0.000000 0.948832 0.000000 0.315780 0.693062 0.693062 0.693062
3790.358154 0.000000 1926.529663 0.000000 0.468822 0.000000 0.883293 0.556879 0.556879 0.556879
3792.674805 0.000000 1934.189697 0.000000 0.385914 0.000000 -0.922535 0.966084 0.966084 0.966084
3807.292236 0.000000 1991.850098 0.000000 0.499063 0.000000 0.866566 0.547732 0.547732 0.547732
3804.856445 0.000000 1984.772949 0.000000 0.464914 0.000000 -0.885356 0.937191 0.937191 0.937191
3818.018311 0.000000 2013.038818 0.000000 0.571040 0.000000 0.820922 0.582034 0.582034 0.582034
3807.857666 0.000000 1996.818848 0.000000 0.842379 0.000000 0.538885 0.630278 0.630278 0.630278
3809.189697 0.000000 1993.019775 0.000000 0.051099 0.000000 0.998694 0.440557 0.440557 0.440557
3809.837158 0.000000 1999.387695 0.000000 0.338068 0.000000 -0.941122 0.961755 0.961755 0.961755
3807.726318 0.000000 1990.599731 0.000000 0.235805 0.000000 -0.971800 1.007157 1.007157 1.007157
3819.707520 0.000000 2012.809570 0.000000 0.292098 0.000000 0.956388 0.527730 0.527730 0.527730
3823.030518 0.000000 2026.544434 0.000000 0.042779 0.000000 0.999085 0.494651 0.494651 0.494651
3830.904785 0.000000 2041.225342 0.000000 0.468799 0.000000 0.883305 0.556874 0.556874 0.556874
3827.503906 0.000000 2034.132812 0.000000 0.823982 0.000000 0.566616 0.627676 0.627676 0.627676
3817.144043 0.000000 2017.856934 0.000000 0.489255 0.000000 -0.872141 0.953849 0.953849 0.953849
3835.213135 0.000000 2046.846069 0.000000 0.246046 0.000000 0.969258 0.507506 0.507506 0.507506
3825.062500 0.000000 2027.927612 0.000000 0.109605 0.000000 0.993975 0.466462 0.466462 0.466462
3828.544189 0.000000 2035.788574 0.000000 0.298617 0.000000 0.954373 0.528920 0.528920 0.528920
3831.355713 0.000000 2039.459473 0.000000 0.153927 0.000000 -0.988082 1.002585 1.002585 1.002585
3829.056641 0.000000 2034.256226 0.000000 0.042805 0.000000 0.999083 0.483498 0.483498 0.483498
3295.354736 0.000000 2055.834473 0.000000 0.345071 0.000000 -0.938576 0.956361 0.956361 0.956361
3292.918945 0.000000 2048.757324 0.000000 0.986837 0.000000 0.161717 0.721670 0.721670 0.721670
3294.614746 0.000000 2050.323486 0.000000 0.153773 0.000000 -0.988106 0.993861 0.993861 0.993861
3295.744629 0.000000 2051.717529 0.000000 0.995404 0.000000 -0.095762 0.766513 0.766513 0.766513
3297.252197 0.000000 2057.004150 0.000000 0.242398 0.000000 0.970177 0.488940 0.488940 0.488940
3295.788818 0.000000 2054.583984 0.000000 0.893282 0.000000 -0.449497 0.828956 0.828956 0.828956
3295.673096 0.000000 2049.597168 0.000000 0.706271 0.000000 -0.707942 0.903539 0.903539 0.903539
3297.275879 0.000000 2059.088867 0.000000 0.929712 0.000000 -0.368287 0.818114 0.818114 0.818114
3297.431396 0.000000 2061.557129 0.000000 0.272705 0.000000 0.962098 0.512568 0.512568 0.512568
3312.063721 0.000000 2098.388428 0.000000 0.819607 0.000000 -0.572927 0.866001 0.866001 0.866001
3312.267822 0.000000 2101.753906 0.000000 0.673627 0.000000 -0.739072 0.904870 0.904870 0.904870
3308.873779 0.000000 2097.504639 0.000000 0.546221 0.000000 0.837641 0.572910 0.572910 0.572910
3311.052979 0.000000 2096.029541 0.000000 0.219858 0.000000 0.975532 0.485894 0.485894 0.485894
3310.343750 0.000000 2100.196777 0.000000 0.997839 0.000000 0.065710 0.737607 0.737607 0.737607
3317.237305 0.000000 2090.135742 0.000000 0.498791 0.000000 0.866722 0.545905 0.545905 0.545905
3313.781250 0.000000 2099.267090 0.000000 0.543321 0.000000 0.839525 0.560540 0.560540 0.560540
3316.451904 0.000000 2092.347656 0.000000 0.274663 0.000000 -0.961541 0.987784 0.987784 0.987784
3310.419434 0.000000 2098.186035 0.000000 0.205774 0.000000 -0.978599 0.918888 0.918888 0.918888
3327.559082 0.000000 2103.007324 0.000000 0.780483 0.000000 -0.625176 0.867413 0.867413 0.867413
3311.206299 0.000000 2099.276611 0.000000 0.914159 0.000000 -0.405355 0.801695 0.801695 0.801695
3310.022461 0.000000 2099.205811 0.000000 0.534946 0.000000 0.844886 0.625353 0.625353 0.625353
3339.009277 0.000000 2094.870605 0.000000 0.541526 0.000000 0.840684 0.548915 0.548915 0.548915
3348.836182 0.000000 2094.895752 0.000000 0.301166 0.000000 -0.953572 0.990509 0.990509 0.990509
3331.768799 0.000000 2109.469238 0.000000 0.637621 0.000000 0.770350 0.597115 0.597115 0.597115
3352.812744 0.000000 2094.198242 0.000000 0.605666 0.000000 0.795719 0.629822 0.629822 0.629822
3347.562500 0.000000 2098.117188 0.000000 0.193748 0.000000 0.981051 0.489171 0.489171 0.489171
3350.270020 0.000000 2092.188721 0.000000 0.966218 0.000000 0.257728 0.701168 0.701168 0.701168
3336.651611 0.000000 2095.046143 0.000000 0.148598 0.000000 -0.988898 1.027504 1.027504 1.027504
3346.939941 0.000000 2093.290283 0.000000 0.034789 0.000000 -0.999395 1.054139 1.054139 1.054139
3350.957764 0.000000 2095.182373 0.000000 0.581753 0.000000 -0.813366 0.900205 0.900205 0.900205
3348.602783 0.000000 2099.772949 0.000000 0.998955 0.000000 0.045713 0.741665 0.741665 0.741665
3333.339600 0.000000 2108.643311 0.000000 0.571485 0.000000 -0.820613 0.925981 0.925981 0.925981
3330.598389 0.000000 2097.052246 0.000000 0.963822 0.000000 -0.266548 0.798726 0.798726 0.798726
3348.447998 0.000000 2092.347656 0.000000 0.012599 0.000000 0.999921 0.505360 0.505360 0.505360
3330.194336 0.000000 2108.726562 0.000000 0.155533 0.000000 0.987831 0.504062 0.504062 0.504062
3349.893555 0.000000 2093.732666 0.000000 0.869736 0.000000 0.493518 0.668967 0.668967 0.668967
3331.180420 0.000000 2111.035645 0.000000 0.773227 0.000000 -0.634130 0.856684 0.856684 0.856684
3348.194580 0.000000 2093.672119 0.000000 0.028862 0.000000 0.999583 0.507914 0.507914 0.507914
3352.941650 0.000000 2095.415039 0.000000 0.172376 0.000000 -0.985031 0.932522 0.932522 0.932522
3371.852051 0.000000 2083.272949 0.000000 0.511770 0.000000 -0.859123 0.966263 0.966263 0.966263
3364.235840 0.000000 2086.518555 0.000000 0.923474 0.000000 0.383662 0.687073 0.687073 0.687073
3367.802734 0.000000 2084.424316 0.000000 0.819691 0.000000 0.572806 0.640194 0.640194 0.640194
3365.836426 0.000000 2090.241699 0.000000 0.966612 0.000000 0.256245 0.696360 0.696360 0.696360
3362.964600 0.000000 2091.726318 0.000000 0.999226 0.000000 0.039341 0.742429 0.742429 0.742429
3370.691650 0.000000 2085.992676 0.000000 0.662184 0.000000 0.749341 0.603210 0.603210 0.603210
3366.971191 0.000000 2087.317139 0.000000 0.072766 0.000000 -0.997349 1.008744 1.008744 1.008744
3363.698486 0.000000 2088.913818 0.000000 0.616232 0.000000 -0.787564 0.916318 0.916318 0.916318
3366.402588 0.000000 2082.311279 0.000000 0.763820 0.000000 -0.645430 0.884190 0.884190 0.884190
3365.434814 0.000000 2084.470215 0.000000 0.777962 0.000000 -0.628311 0.876508 0.876508 0.876508
3373.924316 0.000000 2084.071533 0.000000 0.547968 0.000000 0.836499 0.584971 0.584971 0.584971
3369.957764 0.000000 2084.049805 0.000000 0.996459 0.000000 -0.084081 0.762555 0.762555 0.762555
3372.387207 0.000000 2087.002686 0.000000 0.118400 0.000000 -0.992966 1.016322 1.016322 1.016322
3368.765137 0.000000 2086.445312 0.000000 0.941038 0.000000 -0.338300 0.810192 0.810192 0.810192
3372.322021 0.000000 2085.037598 0.000000 0.948403 0.000000 0.317068 0.696265 0.696265 0.696265
3365.419922 0.000000 2088.323242 0.000000 0.850608 0.000000 0.525800 0.654678 0.654678 0.654678
3367.179443 0.000000 2089.175537 0.000000 0.161692 0.000000 0.986841 0.498817 0.498817 0.498817
3365.910156 0.000000 2086.056152 0.000000 0.128264 0.000000 0.991740 0.519525 0.519525 0.519525
3368.961670 0.000000 2085.122314 0.000000 0.885224 0.000000 -0.465165 0.822156 0.822156 0.822156
3329.042725 0.000000 2111.749512 0.000000 0.805037 0.000000 -0.593224 0.879313 0.879313 0.879313
3335.806641 0.000000 2116.416504 0.000000 0.997128 0.000000 0.075731 0.734266 0.734266 0.734266
3332.373047 0.000000 2111.862305 0.000000 0.367106 0.000000 0.930179 0.516086 0.516086 0.516086
3333.438721 0.000000 2116.462402 0.000000 0.685880 0.000000 0.727715 0.590000 0.590000 0.590000
3836.852539 0.000000 2048.757324 0.000000 0.776227 0.000000 -0.630454 0.880854 0.880854 0.880854
3834.738770 0.000000 2048.318115 0.000000 0.128070 0.000000 0.991765 0.475742 0.475742 0.475742
3961.003174 0.000000 2171.101074 0.000000 0.870185 0.000000 -0.492725 0.846518 0.846518 0.846518
3964.978271 0.000000 2174.901123 0.000000 0.304279 0.000000 0.952583 0.514364 0.514364 0.514364
3964.739746 0.000000 2178.656250 0.000000 0.916904 0.000000 -0.399108 0.821605 0.821605 0.821605
3972.161621 0.000000 2182.495117 0.000000 0.670148 0.000000 0.742227 0.573113 0.573113 0.573113
3971.624268 0.000000 2184.890381 0.000000 0.878861 0.000000 -0.477078 0.845681 0.845681 0.845681
3967.591064 0.000000 2177.565918 0.000000 0.913940 0.000000 0.405849 0.674763 0.674763 0.674763
3973.345703 0.000000 2184.299805 0.000000 0.452271 0.000000 -0.891881 0.953872 0.953872 0.953872
3975.105225 0.000000 2185.152100 0.000000 0.718303 0.000000 0.695731 0.614934 0.614934 0.614934
4852.652832 0.000000 207.356674 0.000000 0.849584 0.000000 0.527453 0.675254 0.675254 0.675254
4859.854492 0.000000 213.559418 0.000000 0.166639 0.000000 0.986018 0.457931 0.457931 0.457931
4848.545898 0.000000 206.611526 0.000000 0.999865 0.000000 -0.016459 0.753296 0.753296 0.753296
4856.740234 0.000000 210.498444 0.000000 0.003094 0.000000 0.999995 0.629796 0.629796 0.629796
4854.123047 0.000000 209.693756 0.000000 0.215971 0.000000 -0.976400 0.860591 0.860591 0.860591
4850.756348 0.000000 205.751297 0.000000 0.925493 0.000000 -0.378765 0.810334 0.810334 0.810334
4861.417480 0.000000 212.405106 0.000000 0.724382 0.000000 0.689399 0.688685 0.688685 0.688685
4855.101074 0.000000 211.307541 0.000000 0.897404 0.000000 -0.441210 0.806597 0.806597 0.806597
4855.908691 0.000000 208.942764 0.000000 0.677202 0.000000 -0.735797 0.817579 0.817579 0.817579
4851.760742 0.000000 208.894012 0.000000 0.967440 0.000000 -0.253099 0.795205 0.795205 0.795205
4850.935059 0.000000 207.435165 0.000000 0.418300 0.000000 0.908309 0.572420 0.572420 0.572420
4853.709961 0.000000 206.193619 0.000000 0.390092 0.000000 -0.920776 0.907412 0.907412 0.907412
4853.137695 0.000000 208.678070 0.000000 0.954462 0.000000 -0.298331 0.771697 0.771697 0.771697
4860.095703 0.000000 212.155930 0.000000 0.188843 0.000000 0.982007 0.638696 0.638696 0.638696
4850.276855 0.000000 204.419769 0.000000 0.570468 0.000000 0.821320 0.600318 0.600318 0.600318
4857.525391 0.000000 211.550812 0.000000 0.254894 0.000000 -0.966969 0.850679 0.850679 0.850679
4852.011230 0.000000 206.132935 0.000000 0.728536 0.000000 0.685007 0.648480 0.648480 0.648480
4855.379395 0.000000 210.098633 0.000000 0.269095 0.000000 -0.963114 0.910813 0.910813 0.910813
4861.137695 0.000000 213.566666 0.000000 0.444814 0.000000 0.895623 0.660540 0.660540 0.660540
4853.681641 0.000000 207.663315 0.000000 0.351731 0.000000 0.936101 0.587030 0.587030 0.587030
4852.548828 0.000000 209.659912 0.000000 0.849768 0.000000 0.527157 0.710233 0.710233 0.710233
4854.287598 0.000000 208.626511 0.000000 0.586329 0.000000 -0.810073 0.827176 0.827176 0.827176
4854.194824 0.000000 210.741150 0.000000 0.445508 0.000000 -0.895278 0.887368 0.887368 0.887368
4856.055664 0.000000 211.199265 0.000000 0.207022 0.000000 0.978336 0.645548 0.645548 0.645548
4854.957031 0.000000 209.290344 0.000000 0.431333 0.000000 0.902193 0.658067 0.658067 0.658067
4855.494141 0.000000 208.144531 0.000000 0.882590 0.000000 -0.470143 0.790003 0.790003 0.790003
4860.545898 0.000000 212.932388 0.000000 0.617471 0.000000 0.786593 0.677028 0.677028 0.677028
4857.483398 0.000000 210.124619 0.000000 0.888576 0.000000 0.458729 0.713459 0.713459 0.713459
4853.324219 0.000000 209.971176 0.000000 0.999697 0.000000 -0.024627 0.751764 0.751764 0.751764
4873.889648 0.000000 221.476257 0.000000 0.855932 0.000000 0.517088 0.657962 0.657962 0.657962
4878.933105 0.000000 222.991592 0.000000 0.999549 0.000000 -0.030022 0.752775 0.752775 0.752775
4866.898438 0.000000 213.445190 0.000000 0.898457 0.000000 0.439063 0.658718 0.658718 0.658718
4870.384766 0.000000 218.577713 0.000000 0.175088 0.000000 -0.984553 1.009728 1.009728 1.009728
4874.503906 0.000000 217.500000 0.000000 0.988572 0.000000 0.150747 0.718592 0.718592 0.718592
4867.168945 0.000000 217.064041 0.000000 0.727327 0.000000 0.686291 0.695828 0.695828 0.695828
4876.882812 0.000000 220.157043 0.000000 0.989203 0.000000 0.146553 0.722777 0.722777 0.722777
4865.610352 0.000000 219.548828 0.000000 0.573636 0.000000 0.819111 0.569646 0.569646 0.569646
4870.911621 0.000000 221.445038 0.000000 0.624463 0.000000 -0.781054 0.823763 0.823763 0.823763
4881.877930 0.000000 223.174957 0.000000 0.970814 0.000000 0.239835 0.706397 0.706397 0.706397
4876.159180 0.000000 222.881058 0.000000 0.254023 0.000000 0.967198 0.524516 0.524516 0.524516
4868.793457 0.000000 215.152039 0.000000 0.290478 0.000000 0.956882 0.586928 0.586928 0.586928
4868.098145 0.000000 219.483551 0.000000 0.591226 0.000000 -0.806506 0.864100 0.864100 0.864100
4872.643555 0.000000 219.337357 0.000000 0.690228 0.000000 0.723592 0.653434 0.653434 0.653434
4865.564453 0.000000 215.251099 0.000000 0.195725 0.000000 0.980659 0.623056 0.623056 0.623056
4872.652832 0.000000 223.208359 0.000000 0.771723 0.000000 0.635959 0.682439 0.682439 0.682439
4874.832520 0.000000 219.597900 0.000000 0.931344 0.000000 0.364141 0.715560 0.715560 0.715560
4878.874023 0.000000 220.916077 0.000000 0.160372 0.000000 0.987057 0.489076 0.489076 0.489076
4875.578613 0.000000 221.247070 0.000000 0.311422 0.000000 -0.950272 0.949715 0.949715 0.949715
4868.726074 0.000000 217.877914 0.000000 0.301903 0.000000 -0.953339 0.944917 0.944917 0.944917
4877.547363 0.000000 223.804642 0.000000 0.982278 0.000000 0.187430 0.717645 0.717645 0.717645
4872.397949 0.000000 220.904419 0.000000 0.718441 0.000000 -0.695588 0.880278 0.880278 0.880278
4864.030762 0.000000 215.557739 0.000000 0.977576 0.000000 -0.210582 0.769605 0.769605 0.769605
4866.823730 0.000000 218.544067 0.000000 0.652782 0.000000 -0.757546 0.853084 0.853084 0.853084
4867.041504 0.000000 215.103333 0.000000 0.966842 0.000000 -0.255376 0.768495 0.768495 0.768495
4869.571777 0.000000 219.756104 0.000000 0.940308 0.000000 0.340325 0.707768 0.707768 0.707768
4868.253906 0.000000 216.376526 0.000000 0.456798 0.000000 0.889571 0.580942 0.580942 0.580942
4873.911621 0.000000 218.672760 0.000000 0.715043 0.000000 0.699081 0.657597 0.657597 0.657597
4875.382812 0.000000 218.452423 0.000000 0.899818 0.000000 0.436265 0.708285 0.708285 0.708285
4872.090820 0.000000 222.107452 0.000000 0.975210 0.000000 0.221281 0.728129 0.728129 0.728129
4866.177246 0.000000 214.357315 0.000000 0.788405 0.000000 0.615157 0.702546 0.702546 0.702546
4866.693359 0.000000 219.635864 0.000000 0.668292 0.000000 -0.743899 0.850606 0.850606 0.850606
4873.166016 0.000000 222.238281 0.000000 0.979438 0.000000 -0.201746 0.769912 0.769912 0.769912
4870.123535 0.000000 220.706543 0.000000 0.456379 0.000000 -0.889785 0.840265 0.840265 0.840265
4864.558105 0.000000 214.645859 0.000000 0.513754 0.000000 -0.857937 0.845290 0.845290 0.845290
4873.651367 0.000000 223.811386 0.000000 0.039472 0.000000 0.999221 0.599899 0.599899 0.599899
4868.952148 0.000000 218.916733 0.000000 0.752512 0.000000 0.658578 0.662569 0.662569 0.662569
4867.798340 0.000000 218.380829 0.000000 0.307268 0.000000 -0.951623 0.900926 0.900926 0.900926
4867.936035 0.000000 214.698853 0.000000 0.539336 0.000000 0.842090 0.678298 0.678298 0.678298
4867.324219 0.000000 216.042908 0.000000 0.987393 0.000000 0.158285 0.738616 0.738616 0.738616
4879.834961 0.000000 222.703033 0.000000 0.730793 0.000000 -0.682600 0.819424 0.819424 0.819424
4866.371094 0.000000 217.622375 0.000000 0.173764 0.000000 0.984787 0.650008 0.650008 0.650008
4866.490234 0.000000 215.764893 0.000000 0.917838 0.000000 -0.396956 0.779235 0.779235 0.779235
4871.499023 0.000000 220.794510 0.000000 0.539434 0.000000 -0.842028 0.832377 0.832377 0.832377
4875.639648 0.000000 219.292892 0.000000 0.998807 0.000000 -0.048824 0.754513 0.754513 0.754513
4867.220215 0.000000 214.282654 0.000000 0.943592 0.000000 0.331109 0.725830 0.725830 0.725830
4895.159668 0.000000 232.279755 0.000000 0.254422 0.000000 0.967093 0.478102 0.478102 0.478102
4882.281738 0.000000 230.362900 0.000000 0.871271 0.000000 0.490802 0.648708 0.648708 0.648708
4879.171875 0.000000 224.076050 0.000000 0.228539 0.000000 -0.973535 0.985260 0.985260 0.985260
4884.837402 0.000000 228.199860 0.000000 0.999504 0.000000 0.031487 0.745020 0.745020 0.745020
4885.854980 0.000000 230.944244 0.000000 0.639642 0.000000 0.768673 0.668984 0.668984 0.668984
4894.421387 0.000000 235.354340 0.000000 0.470792 0.000000 0.882244 0.613121 0.613121 0.613121
4882.526855 0.000000 226.727097 0.000000 0.993948 0.000000 -0.109852 0.767220 0.767220 0.767220
4888.295898 0.000000 231.203644 0.000000 0.839921 0.000000 -0.542708 0.826531 0.826531 0.826531
4881.641602 0.000000 228.495865 0.000000 0.261192 0.000000 0.965287 0.631473 0.631473 0.631473
4884.156738 0.000000 230.297668 0.000000 0.860825 0.000000 -0.508901 0.799335 0.799335 0.799335
4886.454590 0.000000 229.183258 0.000000 0.604791 0.000000 0.796384 0.575340 0.575340 0.575340
4888.632812 0.000000 233.160629 0.000000 0.969409 0.000000 0.245453 0.732239 0.732239 0.732239
4885.522461 0.000000 232.675491 0.000000 0.456088 0.000000 0.889935 0.551236 0.551236 0.551236
4883.239258 0.000000 228.766678 0.000000 0.943636 0.000000 -0.330986 0.775487 0.775487 0.775487
4886.975586 0.000000 232.063919 0.000000 0.999991 0.000000 -0.004306 0.750574 0.750574 0.750574
4892.887207 0.000000 234.913986 0.000000 0.744728 0.000000 0.667369 0.624612 0.624612 0.624612
4881.216309 0.000000 227.155502 0.000000 0.438790 0.000000 -0.898589 0.848155 0.848155 0.848155
4889.390625 0.000000 232.011139 0.000000 0.988762 0.000000 -0.149495 0.760747 0.760747 0.760747
4883.689941 0.000000 227.460663 0.000000 0.225515 0.000000 0.974240 0.539850 0.539850 0.539850
4884.707031 0.000000 231.564941 0.000000 0.680100 0.000000 -0.733119 0.826039 0.826039 0.826039
4885.209961 0.000000 229.561325 0.000000 0.352080 0.000000 -0.935970 0.941490 0.941490 0.941490
4880.250977 0.000000 228.800797 0.000000 0.141901 0.000000 0.989881 0.620417 0.620417 0.620417
4887.081055 0.000000 230.873093 0.000000 0.954546 0.000000 0.298062 0.728323 0.728323 0.728323
4881.315918 0.000000 229.624954 0.000000 0.069242 0.000000 0.997600 0.613787 0.613787 0.613787
4889.387695 0.000000 230.822754 0.000000 0.933843 0.000000 -0.357683 0.798799 0.798799 0.798799
4888.017090 0.000000 232.294342 0.000000 0.537246 0.000000 0.843426 0.678120 0.678120 0.678120
4889.935059 0.000000 232.992416 0.000000 0.857854 0.000000 0.513893 0.711346 0.711346 0.711346
4895.051758 0.000000 234.390991 0.000000 0.953762 0.000000 -0.300562 0.788670 0.788670 0.788670
4882.292969 0.000000 229.297852 0.000000 0.825419 0.000000 0.564520 0.704680 0.704680 0.704680
4883.189941 0.000000 229.846634 0.000000 0.682404 0.000000 -0.730975 0.811934 0.811934 0.811934
4886.375977 0.000000 230.145905 0.000000 0.944559 0.000000 0.328342 0.726040 0.726040 0.726040
4880.724121 0.000000 227.997101 0.000000 0.946954 0.000000 0.321370 0.721238 0.721238 0.721238
4886.029297 0.000000 231.882904 0.000000 0.857200 0.000000 -0.514983 0.788745 0.788745 0.788745
4889.205078 0.000000 233.846222 0.000000 0.998003 0.000000 -0.063160 0.754526 0.754526 0.754526
4885.027832 0.000000 230.539688 0.000000 0.770542 0.000000 -0.637389 0.813861 0.813861 0.813861
4880.421387 0.000000 226.772888 0.000000 0.782504 0.000000 -0.622646 0.809086 0.809086 0.809086
4881.744141 0.000000 226.409119 0.000000 0.988022 0.000000 0.154311 0.736380 0.736380 0.736380
4883.985840 0.000000 228.332062 0.000000 0.317344 0.000000 0.948310 0.655721 0.655721 0.655721
4905.885742 0.000000 253.468445 0.000000 0.943854 0.000000 0.330364 0.713593 0.713593 0.713593
4903.286621 0.000000 246.139328 0.000000 0.298666 0.000000 -0.954358 0.961816 0.961816 0.961816
4910.929199 0.000000 254.983780 0.000000 0.973350 0.000000 0.229326 0.718221 0.718221 0.718221
4898.894531 0.000000 245.437378 0.000000 0.454741 0.000000 -0.890624 0.968788 0.968788 0.968788
4902.380859 0.000000 250.569901 0.000000 0.132004 0.000000 -0.991249 0.977448 0.977448 0.977448
4906.500000 0.000000 249.492188 0.000000 0.822729 0.000000 0.568434 0.705680 0.705680 0.705680
4900.113281 0.000000 242.223724 0.000000 0.923508 0.000000 -0.383579 0.783502 0.783502 0.783502
4908.878906 0.000000 252.149231 0.000000 0.706904 0.000000 0.707310 0.666808 0.666808 0.666808
4897.704590 0.000000 239.817352 0.000000 0.786278 0.000000 0.617873 0.634208 0.634208 0.634208
4908.155273 0.000000 254.873245 0.000000 0.926209 0.000000 -0.377010 0.808086 0.808086 0.808086
4901.273438 0.000000 244.618866 0.000000 0.899073 0.000000 -0.437800 0.804600 0.804600 0.804600
4905.692871 0.000000 247.018234 0.000000 0.999808 0.000000 -0.019581 0.753426 0.753426 0.753426
4903.892578 0.000000 248.646301 0.000000 0.997579 0.000000 0.069549 0.738290 0.738290 0.738290
4904.639648 0.000000 251.329544 0.000000 0.273692 0.000000 -0.961817 0.842645 0.842645 0.842645
4905.404785 0.000000 244.713348 0.000000 0.351219 0.000000 0.936293 0.514795 0.514795 0.514795
4895.406738 0.000000 234.808716 0.000000 0.598794 0.000000 -0.800903 0.867650 0.867650 0.867650
4906.828613 0.000000 251.590088 0.000000 0.535667 0.000000 0.844429 0.677986 0.677986 0.677986
4908.546875 0.000000 249.953369 0.000000 0.679218 0.000000 -0.733937 0.893273 0.893273 0.893273
4910.870117 0.000000 252.908264 0.000000 0.088988 0.000000 0.996033 0.495732 0.495732 0.495732
4899.716309 0.000000 240.267731 0.000000 0.816845 0.000000 -0.576857 0.798527 0.798527 0.798527
4898.900391 0.000000 238.261490 0.000000 0.016185 0.000000 -0.999869 1.044726 1.044726 1.044726
4901.930664 0.000000 242.810959 0.000000 0.686111 0.000000 0.727497 0.680671 0.680671 0.680671
4898.407227 0.000000 241.505371 0.000000 0.222453 0.000000 -0.974943 0.856266 0.856266 0.856266
4907.574707 0.000000 253.239258 0.000000 0.527043 0.000000 -0.849838 0.864391 0.864391 0.864391
4906.397461 0.000000 255.117126 0.000000 0.310568 0.000000 -0.950551 0.890641 0.890641 0.890641
4897.236328 0.000000 238.002365 0.000000 0.611193 0.000000 0.791481 0.591232 0.591232 0.591232
4909.488281 0.000000 253.877365 0.000000 0.045641 0.000000 -0.998958 0.911489 0.911489 0.911489
4909.543457 0.000000 255.796829 0.000000 0.594867 0.000000 -0.803824 0.890298 0.890298 0.890298
4896.555664 0.000000 240.908356 0.000000 0.215419 0.000000 0.976522 0.542793 0.542793 0.542793
4904.955078 0.000000 249.812576 0.000000 0.997932 0.000000 -0.064284 0.754607 0.754607 0.754607
4904.394043 0.000000 252.896606 0.000000 0.351637 0.000000 0.936136 0.619001 0.619001 0.619001
4903.108887 0.000000 251.961075 0.000000 0.929468 0.000000 -0.368903 0.809744 0.809744 0.809744
4907.019043 0.000000 248.101639 0.000000 0.999149 0.000000 0.041251 0.746975 0.746975 0.746975
4901.824219 0.000000 245.988342 0.000000 0.999938 0.000000 -0.011120 0.751340 0.751340 0.751340
4900.344238 0.000000 245.698700 0.000000 0.840434 0.000000 0.541914 0.680994 0.680994 0.680994
4905.445312 0.000000 248.455460 0.000000 0.541918 0.000000 0.840431 0.678518 0.678518 0.678518
4902.463867 0.000000 247.313828 0.000000 0.458270 0.000000 0.888813 0.567054 0.567054 0.567054
4903.688965 0.000000 250.249298 0.000000 0.620410 0.000000 -0.784278 0.892555 0.892555 0.892555
4902.520508 0.000000 244.938751 0.000000 0.648943 0.000000 0.760837 0.614256 0.614256 0.614256
4905.907715 0.000000 250.664948 0.000000 0.534317 0.000000 0.845284 0.677872 0.677872 0.677872
4900.784180 0.000000 243.382172 0.000000 0.156458 0.000000 -0.987685 0.870307 0.870307 0.870307
4905.613770 0.000000 252.190384 0.000000 0.762828 0.000000 0.646602 0.673970 0.673970 0.673970
4903.962402 0.000000 245.068573 0.000000 0.958756 0.000000 -0.284230 0.795248 0.795248 0.795248
4907.378906 0.000000 250.444611 0.000000 0.687208 0.000000 -0.726461 0.808238 0.808238 0.808238
4895.921875 0.000000 235.989990 0.000000 0.998580 0.000000 -0.053270 0.756751 0.756751 0.756751
4904.086914 0.000000 254.099640 0.000000 0.227470 0.000000 0.973785 0.575576 0.575576 0.575576
4909.710449 0.000000 250.138077 0.000000 0.982834 0.000000 0.184495 0.736710 0.736710 0.736710
4908.463379 0.000000 251.089340 0.000000 0.316361 0.000000 0.948639 0.660554 0.660554 0.660554
4907.073730 0.000000 254.247009 0.000000 0.960396 0.000000 -0.278640 0.781644 0.781644 0.781644
4906.632812 0.000000 252.684723 0.000000 0.466655 0.000000 0.884440 0.627768 0.627768 0.627768
4899.506348 0.000000 241.322083 0.000000 0.366309 0.000000 0.930493 0.655628 0.655628 0.655628
4905.162109 0.000000 254.230469 0.000000 0.999265 0.000000 -0.038322 0.754984 0.754984 0.754984
4907.808594 0.000000 252.119003 0.000000 0.501810 0.000000 -0.864978 0.867706 0.867706 0.867706
4898.704102 0.000000 240.512787 0.000000 0.174723 0.000000 -0.984618 0.860110 0.860110 0.860110
4905.647461 0.000000 255.803574 0.000000 0.538443 0.000000 -0.842662 0.880326 0.880326 0.880326
4908.437012 0.000000 253.821533 0.000000 0.835918 0.000000 0.548855 0.688482 0.688482 0.688482
4909.477539 0.000000 251.310120 0.000000 0.227790 0.000000 -0.973710 0.846041 0.846041 0.846041
4909.587402 0.000000 252.945587 0.000000 0.946228 0.000000 0.323501 0.715119 0.715119 0.715119
4907.443359 0.000000 255.528473 0.000000 0.842912 0.000000 0.538051 0.686334 0.686334 0.686334
4904.005371 0.000000 252.070221 0.000000 0.360259 0.000000 -0.932852 0.880001 0.880001 0.880001
4907.424316 0.000000 249.529739 0.000000 0.171860 0.000000 0.985121 0.647514 0.647514 0.647514
4908.448242 0.000000 252.928558 0.000000 0.944703 0.000000 -0.327927 0.785377 0.785377 0.785377
4904.720215 0.000000 248.937744 0.000000 0.744229 0.000000 0.667925 0.697616 0.697616 0.697616
4906.282227 0.000000 248.656616 0.000000 0.629647 0.000000 -0.776881 0.815219 0.815219 0.815219
4907.635742 0.000000 251.285080 0.000000 0.996556 0.000000 -0.082918 0.755945 0.755945 0.755945
4901.046387 0.000000 242.560699 0.000000 0.579334 0.000000 0.815090 0.668908 0.668908 0.668908
4905.640625 0.000000 249.328049 0.000000 0.273511 0.000000 -0.961869 0.842658 0.842658 0.842658
4904.085938 0.000000 249.457855 0.000000 0.587749 0.000000 -0.809044 0.817503 0.817503 0.817503
4904.532715 0.000000 250.541809 0.000000 0.838296 0.000000 -0.545215 0.791299 0.791299 0.791299
4652.186523 0.000000 414.834167 0.000000 0.373464 0.000000 -0.927645 0.869791 0.869791 0.869791
4653.574707 0.000000 415.757782 0.000000 0.986997 0.000000 -0.160739 0.766278 0.766278 0.766278
4653.938965 0.000000 414.774261 0.000000 0.954289 0.000000 0.298884 0.719396 0.719396 0.719396
4653.049316 0.000000 414.634521 0.000000 0.998690 0.000000 -0.051165 0.755161 0.755161 0.755161
4652.749023 0.000000 415.510406 0.000000 0.082388 0.000000 0.996600 0.599934 0.599934 0.599934
4646.412109 0.000000 442.523010 0.000000 0.974015 0.000000 0.226486 0.705917 0.705917 0.705917
4650.531250 0.000000 441.445312 0.000000 0.803253 0.000000 -0.595638 0.862004 0.862004 0.862004
4645.680664 0.000000 426.648071 0.000000 0.447404 0.000000 0.894332 0.627196 0.627196 0.627196
4650.689941 0.000000 415.964386 0.000000 0.956784 0.000000 0.290798 0.692902 0.692902 0.692902
4651.218750 0.000000 427.968170 0.000000 0.981350 0.000000 -0.192230 0.773307 0.773307 0.773307
4652.910156 0.000000 444.102356 0.000000 0.939698 0.000000 -0.342004 0.814997 0.814997 0.814997
4642.808594 0.000000 428.132660 0.000000 0.788901 0.000000 0.614520 0.655393 0.655393 0.655393
4652.186523 0.000000 446.826355 0.000000 0.277457 0.000000 -0.960738 0.895972 0.895972 0.895972
4653.027344 0.000000 417.276947 0.000000 0.772848 0.000000 -0.634591 0.853687 0.853687 0.853687
4649.724121 0.000000 438.971344 0.000000 0.883748 0.000000 -0.467963 0.835211 0.835211 0.835211
4648.670898 0.000000 443.282654 0.000000 0.249476 0.000000 0.968381 0.583708 0.583708 0.583708
4644.954590 0.000000 428.480377 0.000000 0.891492 0.000000 -0.453036 0.819063 0.819063 0.819063
4645.264160 0.000000 424.729614 0.000000 0.397285 0.000000 0.917695 0.610615 0.610615 0.610615
4650.833008 0.000000 426.203857 0.000000 0.997956 0.000000 0.063899 0.742296 0.742296 0.742296
4651.708008 0.000000 429.699585 0.000000 0.999828 0.000000 0.018568 0.748399 0.748399 0.748399
4650.428711 0.000000 447.070251 0.000000 0.951303 0.000000 -0.308258 0.805711 0.805711 0.805711
4644.044922 0.000000 426.938873 0.000000 0.086082 0.000000 -0.996288 0.914703 0.914703 0.914703
4651.013184 0.000000 424.607574 0.000000 0.156297 0.000000 0.987710 0.601883 0.601883 0.601883
4653.574707 0.000000 447.749969 0.000000 0.371564 0.000000 0.928407 0.615296 0.615296 0.615296
4648.986328 0.000000 441.765717 0.000000 0.766832 0.000000 0.641848 0.670336 0.670336 0.670336
4649.476562 0.000000 440.408569 0.000000 0.573075 0.000000 0.819503 0.640200 0.640200 0.640200
4652.148438 0.000000 416.150269 0.000000 0.174248 0.000000 -0.984702 0.960496 0.960496 0.960496
4643.848145 0.000000 429.268829 0.000000 0.974867 0.000000 0.222787 0.717881 0.717881 0.717881
4649.938965 0.000000 442.618073 0.000000 0.995645 0.000000 0.093231 0.738226 0.738226 0.738226
4644.639648 0.000000 425.888824 0.000000 0.525085 0.000000 0.851050 0.627916 0.627916 0.627916
4653.926758 0.000000 415.991089 0.000000 0.049293 0.000000 0.998784 0.596590 0.596590 0.596590
4643.892578 0.000000 428.176056 0.000000 0.553390 0.000000 -0.832923 0.890724 0.890724 0.890724
4645.916992 0.000000 425.602509 0.000000 0.746644 0.000000 -0.665224 0.837283 0.837283 0.837283
4650.812988 0.000000 428.980865 0.000000 0.983669 0.000000 -0.179988 0.765604 0.765604 0.765604
4645.609863 0.000000 427.664581 0.000000 0.222693 0.000000 -0.974889 0.899350 0.899350 0.899350
4653.938965 0.000000 446.766449 0.000000 0.960862 0.000000 0.277026 0.718229 0.718229 0.718229
4644.416992 0.000000 424.195862 0.000000 0.516956 0.000000 -0.856012 0.873227 0.873227 0.873227
4650.365723 0.000000 425.368652 0.000000 0.866431 0.000000 -0.499296 0.804768 0.804768 0.804768
4651.737793 0.000000 428.753906 0.000000 0.041670 0.000000 -0.999131 0.881847 0.881847 0.881847
4650.659668 0.000000 427.128906 0.000000 0.299819 0.000000 -0.953996 0.902575 0.902575 0.902575
4651.564941 0.000000 425.589386 0.000000 0.393661 0.000000 -0.919256 0.872171 0.872171 0.872171
4644.709473 0.000000 427.565643 0.000000 0.908326 0.000000 0.418263 0.702126 0.702126 0.702126
4651.696289 0.000000 451.671417 0.000000 0.860776 0.000000 -0.508985 0.815542 0.815542 0.815542
4647.317871 0.000000 470.084625 0.000000 0.142084 0.000000 -0.989855 1.045636 1.045636 1.045636
4646.412109 0.000000 474.515198 0.000000 0.367751 0.000000 0.929924 0.520246 0.520246 0.520246
4650.531250 0.000000 473.437500 0.000000 0.709891 0.000000 0.704311 0.665500 0.665500 0.665500
4650.689941 0.000000 447.956573 0.000000 0.960952 0.000000 0.276716 0.700153 0.700153 0.700153
4641.088379 0.000000 457.394745 0.000000 0.764865 0.000000 0.644191 0.647968 0.647968 0.647968
4643.781250 0.000000 450.860565 0.000000 0.859318 0.000000 -0.511442 0.792672 0.792672 0.792672
4651.218750 0.000000 459.960358 0.000000 0.878463 0.000000 0.477811 0.663113 0.663113 0.663113
4652.910156 0.000000 476.094543 0.000000 0.937952 0.000000 -0.346767 0.800028 0.800028 0.800028
4650.535645 0.000000 454.391113 0.000000 0.803597 0.000000 0.595174 0.678561 0.678561 0.678561
4652.186523 0.000000 478.818542 0.000000 0.100593 0.000000 -0.994928 0.961805 0.961805 0.961805
4642.119629 0.000000 453.047974 0.000000 0.109970 0.000000 0.993935 0.547758 0.547758 0.547758
4653.027344 0.000000 449.269135 0.000000 0.988070 0.000000 -0.154008 0.773408 0.773408 0.773408
4649.724121 0.000000 470.963531 0.000000 0.407116 0.000000 -0.913377 0.907502 0.907502 0.907502
4643.542480 0.000000 457.312164 0.000000 0.304473 0.000000 0.952521 0.539911 0.539911 0.539911
4644.125488 0.000000 475.421051 0.000000 0.227630 0.000000 0.973748 0.601965 0.601965 0.601965
4647.923828 0.000000 472.591614 0.000000 0.628432 0.000000 0.777864 0.578030 0.578030 0.578030
4644.213379 0.000000 448.268494 0.000000 0.749689 0.000000 0.661790 0.622644 0.622644 0.622644
4649.436035 0.000000 468.658661 0.000000 0.994803 0.000000 -0.101820 0.763665 0.763665 0.763665
4641.853516 0.000000 455.282654 0.000000 0.998282 0.000000 -0.058599 0.759765 0.759765 0.759765
4653.768066 0.000000 452.470032 0.000000 0.995284 0.000000 0.097000 0.731036 0.731036 0.731036
4650.859863 0.000000 475.535400 0.000000 0.574148 0.000000 0.818752 0.581079 0.581079 0.581079
4645.388672 0.000000 479.024567 0.000000 0.943146 0.000000 0.332379 0.701562 0.701562 0.701562
4651.146973 0.000000 449.795746 0.000000 0.156368 0.000000 -0.987699 0.969584 0.969584 0.969584
4641.112305 0.000000 459.479553 0.000000 0.063178 0.000000 -0.998002 0.968061 0.968061 0.968061
4650.833008 0.000000 458.196045 0.000000 0.569644 0.000000 0.821892 0.581738 0.581738 0.581738
4645.179688 0.000000 477.041656 0.000000 0.517506 0.000000 -0.855680 0.887570 0.887570 0.887570
4642.523438 0.000000 448.892517 0.000000 0.798694 0.000000 -0.601738 0.825984 0.825984 0.825984
4651.605957 0.000000 477.184570 0.000000 0.960963 0.000000 0.276678 0.703152 0.703152 0.703152
4644.753418 0.000000 473.815430 0.000000 0.566125 0.000000 0.824320 0.588612 0.588612 0.588612
4653.519531 0.000000 477.822693 0.000000 0.488687 0.000000 0.872459 0.600220 0.600220 0.600220
4651.013184 0.000000 456.599762 0.000000 0.422847 0.000000 0.906201 0.636912 0.636912 0.636912
4653.574707 0.000000 479.742157 0.000000 0.158714 0.000000 -0.987325 0.953359 0.953359 0.953359
4644.932129 0.000000 449.713348 0.000000 0.999998 0.000000 0.002182 0.749616 0.749616 0.749616
4642.455566 0.000000 458.518555 0.000000 0.883438 0.000000 -0.468548 0.835053 0.835053 0.835053
4651.160645 0.000000 470.381439 0.000000 0.562169 0.000000 -0.827022 0.899605 0.899605 0.899605
4643.540039 0.000000 452.373840 0.000000 0.021544 0.000000 -0.999768 0.964517 0.964517 0.964517
4653.074219 0.000000 451.119385 0.000000 0.999517 0.000000 -0.031091 0.755371 0.755371 0.755371
4651.050293 0.000000 472.046936 0.000000 0.543423 0.000000 -0.839459 0.857730 0.857730 0.857730
4650.354492 0.000000 451.020538 0.000000 0.031748 0.000000 0.999496 0.561103 0.561103 0.561103
4642.291016 0.000000 456.608185 0.000000 0.410987 0.000000 0.911641 0.558923 0.558923 0.558923
4652.148438 0.000000 448.142456 0.000000 0.030255 0.000000 -0.999542 0.983213 0.983213 0.983213
4648.191895 0.000000 471.247650 0.000000 0.213864 0.000000 -0.976863 0.935373 0.935373 0.935373
4642.493652 0.000000 451.458832 0.000000 0.585309 0.000000 0.810811 0.674845 0.674845 0.674845
4645.599121 0.000000 475.693604 0.000000 0.999337 0.000000 0.036420 0.745979 0.745979 0.745979
4640.608398 0.000000 455.921661 0.000000 0.660666 0.000000 -0.750680 0.891417 0.891417 0.891417
4648.752930 0.000000 470.028778 0.000000 0.056065 0.000000 -0.998427 0.957180 0.957180 0.957180
4651.003418 0.000000 452.796570 0.000000 0.992118 0.000000 0.125305 0.735145 0.735145 0.735145
4643.681641 0.000000 449.414612 0.000000 0.362354 0.000000 -0.932041 0.891218 0.891218 0.891218
4644.198730 0.000000 478.895203 0.000000 0.529641 0.000000 0.848222 0.605237 0.605237 0.605237
4642.689941 0.000000 450.069214 0.000000 0.999686 0.000000 0.025076 0.748007 0.748007 0.748007
4640.577148 0.000000 458.444977 0.000000 0.399460 0.000000 0.916751 0.582232 0.582232 0.582232
4653.926758 0.000000 447.983276 0.000000 0.830782 0.000000 0.556598 0.683187 0.683187 0.683187
4650.927246 0.000000 455.404633 0.000000 0.997715 0.000000 0.067560 0.742423 0.742423 0.742423
4651.672363 0.000000 454.399963 0.000000 0.140039 0.000000 0.990146 0.589716 0.589716 0.589716
4650.120117 0.000000 453.435242 0.000000 0.977725 0.000000 -0.209890 0.775004 0.775004 0.775004
4643.207031 0.000000 448.023041 0.000000 0.874748 0.000000 -0.484578 0.809533 0.809533 0.809533
4644.979492 0.000000 474.854248 0.000000 0.879118 0.000000 -0.476604 0.804835 0.804835 0.804835
4650.011230 0.000000 450.054504 0.000000 0.990665 0.000000 -0.136320 0.766784 0.766784 0.766784
4650.365723 0.000000 457.360840 0.000000 0.991915 0.000000 0.126901 0.737313 0.737313 0.737313
4651.349121 0.000000 450.759003 0.000000 0.803479 0.000000 -0.595334 0.828267 0.828267 0.828267
4651.564941 0.000000 457.581573 0.000000 0.060828 0.000000 0.998148 0.599451 0.599451 0.599451
4651.455566 0.000000 473.475067 0.000000 0.769337 0.000000 -0.638843 0.824935 0.824935 0.824935
4643.298828 0.000000 451.561462 0.000000 0.102828 0.000000 -0.994699 0.866665 0.866665 0.866665
4654.929199 0.000000 490.919373 0.000000 0.446999 0.000000 0.894534 0.601642 0.601642 0.601642
4650.849121 0.000000 495.261200 0.000000 0.785856 0.000000 0.618409 0.656185 0.656185 0.656185
4651.750000 0.000000 500.891754 0.000000 0.737539 0.000000 -0.675305 0.856819 0.856819 0.856819
4658.898926 0.000000 504.133545 0.000000 0.682072 0.000000 -0.731285 0.863569 0.863569 0.863569
4647.459961 0.000000 497.683563 0.000000 0.531601 0.000000 -0.846995 0.852436 0.852436 0.852436
4654.252930 0.000000 486.881195 0.000000 0.987343 0.000000 -0.158599 0.769727 0.769727 0.769727
4650.531250 0.000000 505.429688 0.000000 0.999604 0.000000 0.028151 0.746434 0.746434 0.746434
4650.689941 0.000000 479.948761 0.000000 0.428755 0.000000 -0.903421 0.968222 0.968222 0.968222
4659.402344 0.000000 498.507874 0.000000 0.583966 0.000000 0.811778 0.621508 0.621508 0.621508
4652.476562 0.000000 489.358704 0.000000 0.792029 0.000000 0.610483 0.626614 0.626614 0.626614
4658.689941 0.000000 501.218536 0.000000 0.970033 0.000000 0.242973 0.714224 0.714224 0.714224
4652.186523 0.000000 510.810730 0.000000 0.852091 0.000000 -0.523394 0.836481 0.836481 0.836481
4650.028320 0.000000 498.419586 0.000000 0.562074 0.000000 0.827087 0.579042 0.579042 0.579042
4661.490723 0.000000 503.259216 0.000000 0.451157 0.000000 -0.892445 0.929326 0.929326 0.929326
4644.213379 0.000000 480.260681 0.000000 0.757048 0.000000 -0.653359 0.817392 0.817392 0.817392
4648.670898 0.000000 507.267029 0.000000 0.922862 0.000000 0.385132 0.672162 0.672162 0.672162
4648.491699 0.000000 495.436859 0.000000 0.096243 0.000000 -0.995358 0.902804 0.902804 0.902804
4645.278809 0.000000 484.860931 0.000000 0.279273 0.000000 0.960212 0.646921 0.646921 0.646921
4656.240723 0.000000 486.004761 0.000000 0.081783 0.000000 0.996650 0.509546 0.509546 0.509546
4650.859863 0.000000 507.527588 0.000000 0.041935 0.000000 0.999120 0.624187 0.624187 0.624187
4657.668945 0.000000 484.433380 0.000000 0.527088 0.000000 -0.849811 0.928852 0.928852 0.928852
4660.442871 0.000000 500.163574 0.000000 0.909831 0.000000 -0.414979 0.813098 0.813098 0.813098
4654.957520 0.000000 488.684174 0.000000 0.170945 0.000000 -0.985281 0.908350 0.908350 0.908350
4653.074219 0.000000 491.258606 0.000000 0.975568 0.000000 0.219696 0.712362 0.712362 0.712362
4646.761719 0.000000 494.721771 0.000000 0.063245 0.000000 0.997998 0.554812 0.554812 0.554812
4659.784180 0.000000 496.823700 0.000000 0.577857 0.000000 -0.816138 0.914905 0.914905 0.914905
4659.808594 0.000000 502.585388 0.000000 0.988831 0.000000 0.149041 0.730462 0.730462 0.730462
4658.475586 0.000000 505.756836 0.000000 0.997732 0.000000 0.067307 0.740673 0.740673 0.740673
4650.428711 0.000000 511.054626 0.000000 0.081356 0.000000 -0.996685 0.943674 0.943674 0.943674
4652.848145 0.000000 499.586121 0.000000 0.957349 0.000000 0.288933 0.712872 0.712872 0.712872
4653.574707 0.000000 511.734344 0.000000 0.659758 0.000000 0.751478 0.616502 0.616502 0.616502
4644.932129 0.000000 481.705536 0.000000 0.934819 0.000000 0.355123 0.715638 0.715638 0.715638
4652.999023 0.000000 501.924286 0.000000 0.998326 0.000000 0.057834 0.741402 0.741402 0.741402
4660.955566 0.000000 498.631226 0.000000 0.425824 0.000000 -0.904806 0.939627 0.939627 0.939627
4648.986328 0.000000 505.750092 0.000000 0.984287 0.000000 -0.176578 0.778767 0.778767 0.778767
4651.160645 0.000000 502.373627 0.000000 0.646797 0.000000 0.762663 0.678131 0.678131 0.678131
4661.083496 0.000000 501.738739 0.000000 0.871469 0.000000 0.490450 0.674415 0.674415 0.674415
4651.159668 0.000000 499.470795 0.000000 0.823208 0.000000 -0.567740 0.855983 0.855983 0.855983
4656.219727 0.000000 487.580658 0.000000 0.320939 0.000000 0.947100 0.549087 0.549087 0.549087
4651.050293 0.000000 504.039124 0.000000 0.920635 0.000000 -0.390425 0.800806 0.800806 0.800806
4647.210938 0.000000 496.129913 0.000000 0.209947 0.000000 0.977713 0.612182 0.612182 0.612182
4649.476562 0.000000 504.392944 0.000000 0.970858 0.000000 -0.239657 0.789220 0.789220 0.789220
4645.058105 0.000000 483.396027 0.000000 0.658205 0.000000 0.752838 0.665493 0.665493 0.665493
4658.997559 0.000000 499.906189 0.000000 0.076900 0.000000 -0.997039 0.952646 0.952646 0.952646
4644.149902 0.000000 485.569702 0.000000 0.821782 0.000000 0.569802 0.701471 0.701471 0.701471
4649.565430 0.000000 494.640259 0.000000 0.968777 0.000000 -0.247933 0.775966 0.775966 0.775966
4645.491699 0.000000 479.896057 0.000000 0.344090 0.000000 -0.938937 0.924342 0.924342 0.924342
4651.410156 0.000000 506.382111 0.000000 0.423179 0.000000 -0.906046 0.843307 0.843307 0.843307
4659.933594 0.000000 501.288910 0.000000 0.428719 0.000000 0.903438 0.585615 0.585615 0.585615
4650.538086 0.000000 501.280975 0.000000 0.618907 0.000000 0.785464 0.619830 0.619830 0.619830
4653.926758 0.000000 479.975464 0.000000 0.168856 0.000000 -0.985641 0.951877 0.951877 0.951877
4659.577637 0.000000 505.348053 0.000000 0.469032 0.000000 -0.883181 0.899902 0.899902 0.899902
4658.770996 0.000000 503.005066 0.000000 0.999654 0.000000 0.026314 0.746563 0.746563 0.746563
4648.381836 0.000000 494.245483 0.000000 0.495636 0.000000 -0.868531 0.859051 0.859051 0.859051
4646.405273 0.000000 497.318268 0.000000 0.706483 0.000000 -0.707730 0.829722 0.829722 0.829722
4651.104980 0.000000 510.184509 0.000000 0.963603 0.000000 0.267339 0.714808 0.714808 0.714808
4651.755859 0.000000 495.839996 0.000000 0.466645 0.000000 0.884445 0.597285 0.597285 0.597285
4655.406250 0.000000 486.695374 0.000000 0.996180 0.000000 0.087319 0.739171 0.739171 0.739171
4655.071777 0.000000 489.748932 0.000000 0.880676 0.000000 0.473720 0.694141 0.694141 0.694141
4650.646484 0.000000 494.203094 0.000000 0.988038 0.000000 -0.154209 0.771786 0.771786 0.771786
4653.858398 0.000000 499.596313 0.000000 0.325471 0.000000 -0.945552 0.906979 0.906979 0.906979
4654.950684 0.000000 487.637665 0.000000 0.277900 0.000000 -0.960610 0.909679 0.909679 0.909679
4655.838379 0.000000 489.154602 0.000000 0.174756 0.000000 0.984612 0.592088 0.592088 0.592088
4652.259766 0.000000 498.785126 0.000000 0.320402 0.000000 -0.947282 0.907657 0.907657 0.907657
4644.459961 0.000000 484.132904 0.000000 0.118625 0.000000 -0.992939 0.866217 0.866217 0.866217
4650.636719 0.000000 503.178497 0.000000 0.045805 0.000000 -0.998950 0.876351 0.876351 0.876351
4645.292480 0.000000 480.842804 0.000000 0.831758 0.000000 -0.555139 0.805705 0.805705 0.805705
4651.564453 0.000000 503.172516 0.000000 0.898840 0.000000 0.438276 0.712411 0.712411 0.712411
4644.701660 0.000000 482.590485 0.000000 0.451796 0.000000 0.892121 0.640741 0.640741 0.640741
4651.666992 0.000000 507.222565 0.000000 0.996238 0.000000 0.086657 0.742860 0.742860 0.742860
4650.029785 0.000000 503.776093 0.000000 0.660378 0.000000 -0.750934 0.820382 0.820382 0.820382
4645.656250 0.000000 485.620300 0.000000 0.043627 0.000000 0.999048 0.627758 0.627758 0.627758
4918.897949 0.000000 265.640686 0.000000 0.733786 0.000000 0.679381 0.696506 0.696506 0.696506
4923.835938 0.000000 273.042145 0.000000 0.957259 0.000000 -0.289233 0.799035 0.799035 0.799035
4914.277832 0.000000 262.355103 0.000000 0.628583 0.000000 0.777742 0.677673 0.677673 0.677673
4923.592773 0.000000 267.800323 0.000000 0.821687 0.000000 -0.569939 0.869737 0.869737 0.869737
4923.846680 0.000000 277.543793 0.000000 0.526452 0.000000 0.850205 0.590998 0.590998 0.590998
4915.152344 0.000000 267.250244 0.000000 0.352346 0.000000 0.935870 0.613642 0.613642 0.613642
4920.621582 0.000000 270.643677 0.000000 0.233990 0.000000 0.972239 0.535965 0.535965 0.535965
4906.658691 0.000000 256.003448 0.000000 0.628812 0.000000 -0.777558 0.865335 0.865335 0.865335
4925.943359 0.000000 280.629028 0.000000 0.304079 0.000000 0.952647 0.641909 0.641909 0.641909
4920.732422 0.000000 274.482819 0.000000 0.284378 0.000000 -0.958712 0.978719 0.978719 0.978719
4917.851074 0.000000 262.936432 0.000000 0.502523 0.000000 0.864564 0.566688 0.566688 0.566688
4914.522949 0.000000 258.719269 0.000000 0.435587 0.000000 -0.900147 0.866085 0.866085 0.866085
4920.650879 0.000000 267.890411 0.000000 0.616785 0.000000 0.787132 0.685102 0.685102 0.685102
4915.763184 0.000000 264.543732 0.000000 0.917444 0.000000 -0.397865 0.801142 0.801142 0.801142
4925.511719 0.000000 283.151398 0.000000 0.340228 0.000000 0.940343 0.541391 0.541391 0.541391
4923.295898 0.000000 270.288574 0.000000 0.895333 0.000000 -0.445397 0.810806 0.810806 0.810806
4922.962891 0.000000 275.321625 0.000000 0.668981 0.000000 -0.743280 0.810014 0.810014 0.810014
4922.192871 0.000000 266.016510 0.000000 0.097671 0.000000 -0.995219 1.040832 1.040832 1.040832
4921.658691 0.000000 272.650665 0.000000 0.577199 0.000000 0.816603 0.565634 0.565634 0.565634
4917.042480 0.000000 266.581055 0.000000 0.979702 0.000000 -0.200460 0.764455 0.764455 0.764455
4925.512695 0.000000 278.675568 0.000000 0.980487 0.000000 -0.196585 0.782178 0.782178 0.782178
4925.409668 0.000000 276.389465 0.000000 0.693098 0.000000 -0.720843 0.807655 0.807655 0.807655
4907.115723 0.000000 257.842621 0.000000 0.721042 0.000000 -0.692892 0.849114 0.849114 0.849114
4916.152832 0.000000 262.289856 0.000000 0.863562 0.000000 0.504243 0.657227 0.657227 0.657227
4920.628906 0.000000 265.152802 0.000000 0.324228 0.000000 -0.945979 0.941292 0.941292 0.941292
4922.106445 0.000000 268.956482 0.000000 0.770846 0.000000 0.637022 0.626052 0.626052 0.626052
4916.256836 0.000000 268.793030 0.000000 0.084406 0.000000 -0.996431 0.969157 0.969157 0.969157
4924.438965 0.000000 281.486206 0.000000 0.998426 0.000000 0.056090 0.745193 0.745193 0.745193
4927.364258 0.000000 279.452545 0.000000 0.143737 0.000000 -0.989616 1.002019 1.002019 1.002019
4917.518555 0.000000 264.667694 0.000000 0.672685 0.000000 -0.739929 0.809657 0.809657 0.809657
4914.184082 0.000000 263.977386 0.000000 0.715409 0.000000 -0.698706 0.812791 0.812791 0.812791
4918.971680 0.000000 264.056091 0.000000 0.467017 0.000000 0.884248 0.672301 0.672301 0.672301
4926.847168 0.000000 281.953735 0.000000 0.838527 0.000000 -0.544860 0.793211 0.793211 0.793211
4914.675293 0.000000 265.607147 0.000000 0.915759 0.000000 0.401728 0.698331 0.698331 0.698331
4922.944336 0.000000 271.823059 0.000000 0.970267 0.000000 -0.242038 0.782202 0.782202 0.782202
4922.297363 0.000000 274.001190 0.000000 0.987853 0.000000 0.155392 0.738826 0.738826 0.738826
4920.195312 0.000000 266.571625 0.000000 0.985036 0.000000 -0.172350 0.762406 0.762406 0.762406
4924.087891 0.000000 276.140320 0.000000 0.282288 0.000000 0.959330 0.657996 0.657996 0.657996
4922.764160 0.000000 276.680176 0.000000 0.622873 0.000000 -0.782323 0.890543 0.890543 0.890543
4922.034668 0.000000 270.726990 0.000000 0.998004 0.000000 0.063148 0.741676 0.741676 0.741676
4921.386719 0.000000 264.003326 0.000000 0.734792 0.000000 0.678292 0.635059 0.635059 0.635059
4915.686035 0.000000 259.452850 0.000000 0.259458 0.000000 -0.965754 0.885593 0.885593 0.885593
4920.793457 0.000000 269.196075 0.000000 0.973833 0.000000 -0.227266 0.783935 0.783935 0.783935
4915.400879 0.000000 263.312347 0.000000 0.833512 0.000000 -0.552501 0.797513 0.797513 0.797513
4915.844238 0.000000 266.175354 0.000000 0.901526 0.000000 0.432726 0.699598 0.699598 0.699598
4917.098145 0.000000 267.814819 0.000000 0.204451 0.000000 -0.978877 0.847753 0.847753 0.847753
4925.605957 0.000000 281.854950 0.000000 0.614632 0.000000 0.788814 0.672143 0.672143 0.672143
4925.129883 0.000000 277.551025 0.000000 0.713518 0.000000 -0.700637 0.805598 0.805598 0.805598
4923.456055 0.000000 274.176422 0.000000 0.226560 0.000000 0.973997 0.653868 0.653868 0.653868
4915.523438 0.000000 258.191772 0.000000 0.901335 0.000000 0.433123 0.703575 0.703575 0.703575
4916.717773 0.000000 265.448792 0.000000 0.650215 0.000000 0.759750 0.688197 0.688197 0.688197
4914.519043 0.000000 259.822662 0.000000 0.420291 0.000000 -0.907389 0.867839 0.867839 0.867839
4921.262207 0.000000 266.748535 0.000000 0.997064 0.000000 0.076572 0.744511 0.744511 0.744511
4926.602051 0.000000 283.024048 0.000000 0.122738 0.000000 0.992439 0.546285 0.546285 0.546285
4926.948730 0.000000 280.857758 0.000000 0.600626 0.000000 0.799530 0.680521 0.680521 0.680521
4907.319336 0.000000 256.822571 0.000000 0.998438 0.000000 -0.055872 0.757238 0.757238 0.757238
4916.225098 0.000000 267.236176 0.000000 0.809503 0.000000 -0.587116 0.794941 0.794941 0.794941
4917.731445 0.000000 265.553711 0.000000 0.309018 0.000000 -0.951056 0.840000 0.840000 0.840000
4919.858887 0.000000 265.704102 0.000000 0.454080 0.000000 0.890961 0.671257 0.671257 0.671257
4914.430664 0.000000 266.482727 0.000000 0.707066 0.000000 0.707147 0.661538 0.661538 0.661538
4924.409180 0.000000 280.573792 0.000000 0.250454 0.000000 -0.968129 0.862873 0.862873 0.862873
4918.413086 0.000000 264.877869 0.000000 0.800860 0.000000 -0.598851 0.795985 0.795985 0.795985
4922.164062 0.000000 274.900757 0.000000 0.686692 0.000000 -0.726948 0.808289 0.808289 0.808289
4925.995117 0.000000 277.808014 0.000000 0.176775 0.000000 0.984251 0.650227 0.650227 0.650227
4916.668945 0.000000 264.547150 0.000000 0.589244 0.000000 0.807955 0.682629 0.682629 0.682629
4924.538086 0.000000 276.916779 0.000000 0.167579 0.000000 -0.985859 0.850441 0.850441 0.850441
4923.857910 0.000000 275.209045 0.000000 0.623845 0.000000 0.781548 0.685747 0.685747 0.685747
4922.370117 0.000000 275.934357 0.000000 0.826539 0.000000 -0.562879 0.792819 0.792819 0.792819
4919.388672 0.000000 264.897095 0.000000 0.937739 0.000000 -0.347341 0.775406 0.775406 0.775406
4925.213867 0.000000 281.105865 0.000000 0.756652 0.000000 -0.653818 0.811045 0.811045 0.811045
4914.448730 0.000000 263.160614 0.000000 0.656772 0.000000 -0.754089 0.819340 0.819340 0.819340
4926.272949 0.000000 281.381012 0.000000 0.410058 0.000000 0.912060 0.663890 0.663890 0.663890
4926.807617 0.000000 280.037689 0.000000 0.194958 0.000000 0.980812 0.646920 0.646920 0.646920
4927.624023 0.000000 281.037720 0.000000 0.037655 0.000000 -0.999291 0.864970 0.864970 0.864970
4931.573730 0.000000 285.914459 0.000000 0.839101 0.000000 0.543976 0.629974 0.629974 0.629974
4929.602539 0.000000 283.533203 0.000000 0.388039 0.000000 0.921643 0.646944 0.646944 0.646944
4929.606445 0.000000 286.816376 0.000000 0.281412 0.000000 -0.959587 0.940277 0.940277 0.940277
4927.430176 0.000000 283.431213 0.000000 0.212188 0.000000 -0.977229 0.940943 0.940943 0.940943
4929.421875 0.000000 281.648926 0.000000 0.187357 0.000000 -0.982292 0.998087 0.998087 0.998087
4930.985352 0.000000 287.481049 0.000000 0.020083 0.000000 0.999798 0.549218 0.549218 0.549218
4928.227539 0.000000 282.291290 0.000000 0.802706 0.000000 0.596374 0.693828 0.693828 0.693828
4928.419434 0.000000 286.332581 0.000000 0.739602 0.000000 0.673044 0.640719 0.640719 0.640719
4929.955566 0.000000 287.921875 0.000000 0.194914 0.000000 0.980820 0.546536 0.546536 0.546536
4928.504395 0.000000 283.329163 0.000000 0.843402 0.000000 -0.537283 0.799863 0.799863 0.799863
4930.596191 0.000000 286.455719 0.000000 0.670061 0.000000 0.742306 0.641692 0.641692 0.641692
4929.148438 0.000000 282.592712 0.000000 0.039237 0.000000 -0.999230 0.884638 0.884638 0.884638
4927.424805 0.000000 281.927216 0.000000 0.280898 0.000000 0.959738 0.653558 0.653558 0.653558
4927.414062 0.000000 280.224182 0.000000 0.972055 0.000000 -0.234752 0.767770 0.767770 0.767770
4659.902344 0.000000 540.945312 0.000000 0.981871 0.000000 -0.189551 0.782084 0.782084 0.782084
4647.317871 0.000000 534.069031 0.000000 0.588396 0.000000 -0.808573 0.857120 0.857120 0.857120
4654.585449 0.000000 537.110352 0.000000 0.841402 0.000000 0.540409 0.681210 0.681210 0.681210
4651.750000 0.000000 532.883911 0.000000 0.406115 0.000000 0.913822 0.585226 0.585226 0.585226
4658.898926 0.000000 536.125732 0.000000 0.817476 0.000000 0.575963 0.632604 0.632604 0.632604
4650.689941 0.000000 511.940948 0.000000 0.041322 0.000000 0.999146 0.551110 0.551110 0.551110
4652.448242 0.000000 535.417603 0.000000 0.817213 0.000000 -0.576336 0.858858 0.858858 0.858858
4653.027344 0.000000 513.253540 0.000000 0.014904 0.000000 -0.999889 0.968932 0.968932 0.968932
4649.724121 0.000000 534.947937 0.000000 0.261844 0.000000 0.965110 0.495830 0.495830 0.495830
4644.820801 0.000000 535.073914 0.000000 0.989839 0.000000 -0.142192 0.775446 0.775446 0.775446
4660.230469 0.000000 538.385315 0.000000 0.932337 0.000000 0.361591 0.688796 0.688796 0.688796
4647.923828 0.000000 536.575989 0.000000 0.783173 0.000000 -0.621804 0.867040 0.867040 0.867040
4654.179688 0.000000 532.579651 0.000000 0.319576 0.000000 -0.947561 0.973533 0.973533 0.973533
4649.436035 0.000000 532.643005 0.000000 0.059820 0.000000 -0.998209 0.909986 0.909986 0.909986
4656.851562 0.000000 537.267151 0.000000 0.681351 0.000000 0.731957 0.609540 0.609540 0.609540
4658.586426 0.000000 539.541931 0.000000 0.393264 0.000000 -0.919426 0.891876 0.891876 0.891876
4654.294922 0.000000 534.856018 0.000000 0.065762 0.000000 0.997835 0.611779 0.611779 0.611779
4651.146973 0.000000 513.780090 0.000000 0.661223 0.000000 0.750190 0.614425 0.614425 0.614425
4646.030762 0.000000 536.601990 0.000000 0.326643 0.000000 0.945148 0.534066 0.534066 0.534066
4660.530273 0.000000 536.707581 0.000000 0.702705 0.000000 -0.711481 0.884066 0.884066 0.884066
4658.146973 0.000000 541.319031 0.000000 0.672987 0.000000 -0.739654 0.890066 0.890066 0.890066
4644.753418 0.000000 537.799805 0.000000 0.338667 0.000000 0.940906 0.574833 0.574833 0.574833
4655.620605 0.000000 535.854980 0.000000 0.394461 0.000000 0.918913 0.642975 0.642975 0.642975
4661.765625 0.000000 538.805420 0.000000 0.999860 0.000000 0.016754 0.747228 0.747228 0.747228
4652.999023 0.000000 533.916504 0.000000 0.621434 0.000000 0.783466 0.589953 0.589953 0.589953
4643.020508 0.000000 543.418518 0.000000 0.523311 0.000000 -0.852142 0.866604 0.866604 0.866604
4646.495117 0.000000 535.243530 0.000000 0.445001 0.000000 -0.895530 0.876218 0.876218 0.876218
4652.148438 0.000000 512.126831 0.000000 0.529297 0.000000 -0.848437 0.892544 0.892544 0.892544
4644.281250 0.000000 536.298401 0.000000 0.583339 0.000000 -0.812229 0.885519 0.885519 0.885519
4646.551758 0.000000 532.868469 0.000000 0.243200 0.000000 -0.969976 0.958792 0.958792 0.958792
4647.993652 0.000000 532.998291 0.000000 0.651882 0.000000 -0.758320 0.885620 0.885620 0.885620
4650.538086 0.000000 533.273132 0.000000 0.701427 0.000000 -0.712741 0.863423 0.863423 0.863423
4659.829590 0.000000 539.757202 0.000000 0.975303 0.000000 -0.220872 0.777084 0.777084 0.777084
4654.348145 0.000000 535.978394 0.000000 0.565772 0.000000 0.824562 0.660966 0.660966 0.660966
4655.650879 0.000000 536.966064 0.000000 0.667786 0.000000 -0.744353 0.851159 0.851159 0.851159
4642.631348 0.000000 542.393250 0.000000 0.515284 0.000000 0.857020 0.632322 0.632322 0.632322
4659.265137 0.000000 538.750427 0.000000 0.190027 0.000000 0.981779 0.582222 0.582222 0.582222
4655.407715 0.000000 534.866577 0.000000 0.336758 0.000000 0.941591 0.637280 0.637280 0.637280
4649.758789 0.000000 533.885925 0.000000 0.836573 0.000000 -0.547855 0.811392 0.811392 0.811392
4662.929199 0.000000 553.570374 0.000000 0.386925 0.000000 -0.922111 1.000160 1.000160 1.000160
4640.882812 0.000000 544.132263 0.000000 0.265525 0.000000 -0.964104 1.023174 1.023174 1.023174
4659.902344 0.000000 572.937500 0.000000 0.639170 0.000000 -0.769066 0.936541 0.936541 0.936541
4662.277344 0.000000 564.770142 0.000000 0.710789 0.000000 0.703406 0.611734 0.611734 0.611734
4649.439453 0.000000 553.046448 0.000000 0.812657 0.000000 0.582743 0.641496 0.641496 0.641496
4670.125000 0.000000 573.753662 0.000000 0.981066 0.000000 -0.193676 0.783009 0.783009 0.783009
4647.646484 0.000000 548.799316 0.000000 0.931689 0.000000 -0.363257 0.826744 0.826744 0.826744
4656.569336 0.000000 558.525574 0.000000 0.767350 0.000000 0.641228 0.620379 0.620379 0.620379
4643.781250 0.000000 546.837097 0.000000 0.430163 0.000000 0.902751 0.640882 0.640882 0.640882
4659.402344 0.000000 562.492249 0.000000 0.986054 0.000000 -0.166424 0.774654 0.774654 0.774654
4662.109863 0.000000 556.563782 0.000000 0.006062 0.000000 0.999982 0.457750 0.457750 0.457750
4649.042969 0.000000 546.216370 0.000000 0.985576 0.000000 -0.169233 0.770298 0.770298 0.770298
4658.689941 0.000000 565.202942 0.000000 0.356085 0.000000 0.934453 0.547664 0.547664 0.547664
4654.889160 0.000000 560.404663 0.000000 0.282792 0.000000 -0.959181 0.968195 0.968195 0.968195
4661.962891 0.000000 574.878601 0.000000 0.989316 0.000000 0.145785 0.736234 0.736234 0.736234
4657.818359 0.000000 560.679871 0.000000 0.264293 0.000000 0.964443 0.599552 0.599552 0.599552
4646.246582 0.000000 546.686157 0.000000 0.871661 0.000000 -0.490110 0.849121 0.849121 0.849121
4661.073730 0.000000 554.510742 0.000000 0.153837 0.000000 -0.988096 0.920655 0.920655 0.920655
4649.801758 0.000000 548.424744 0.000000 0.544270 0.000000 0.838910 0.633993 0.633993 0.633993
4648.609375 0.000000 550.820251 0.000000 0.389953 0.000000 -0.920835 0.859447 0.859447 0.859447
4657.617676 0.000000 563.641968 0.000000 0.996376 0.000000 0.085063 0.737968 0.737968 0.737968
4660.442871 0.000000 564.147949 0.000000 0.991622 0.000000 0.129177 0.737594 0.737594 0.737594
4659.708984 0.000000 575.247070 0.000000 0.624195 0.000000 0.781269 0.585040 0.585040 0.585040
4642.523438 0.000000 544.869080 0.000000 0.618785 0.000000 -0.785561 0.832988 0.832988 0.832988
4668.892578 0.000000 575.291748 0.000000 0.778475 0.000000 -0.627676 0.871020 0.871020 0.871020
4663.797852 0.000000 565.639771 0.000000 0.961418 0.000000 0.275093 0.700610 0.700610 0.700610
4654.981445 0.000000 558.796631 0.000000 0.010471 0.000000 -0.999945 1.020391 1.020391 1.020391
4661.549805 0.000000 552.597351 0.000000 0.992272 0.000000 0.124078 0.727325 0.727325 0.727325
4668.973145 0.000000 572.592224 0.000000 0.363522 0.000000 -0.931586 0.919352 0.919352 0.919352
4656.308594 0.000000 561.207886 0.000000 0.663111 0.000000 -0.748521 0.847638 0.847638 0.847638
4663.017578 0.000000 555.225098 0.000000 0.347936 0.000000 0.937518 0.546204 0.546204 0.546204
4661.083496 0.000000 565.723145 0.000000 0.588899 0.000000 0.808207 0.659867 0.659867 0.659867
4670.702148 0.000000 572.139954 0.000000 0.971036 0.000000 0.238933 0.709139 0.709139 0.709139
4670.822266 0.000000 575.239746 0.000000 0.899520 0.000000 -0.436880 0.810064 0.810064 0.810064
4668.048340 0.000000 573.993469 0.000000 0.901828 0.000000 -0.432096 0.813123 0.813123 0.813123
4657.857422 0.000000 562.206970 0.000000 0.989146 0.000000 0.146939 0.729166 0.729166 0.729166
4649.860840 0.000000 551.627136 0.000000 0.850886 0.000000 -0.525351 0.801732 0.801732 0.801732
4642.493652 0.000000 547.435425 0.000000 0.925444 0.000000 -0.378885 0.787653 0.787653 0.787653
4658.997559 0.000000 563.890564 0.000000 0.900405 0.000000 0.435053 0.683632 0.683632 0.683632
4648.805664 0.000000 549.497375 0.000000 0.128521 0.000000 -0.991707 0.918067 0.918067 0.918067
4660.571777 0.000000 574.347046 0.000000 0.753883 0.000000 -0.657008 0.817447 0.817447 0.817447
4643.681641 0.000000 545.391174 0.000000 0.577191 0.000000 -0.816609 0.837756 0.837756 0.837756
4661.129395 0.000000 555.744507 0.000000 0.928083 0.000000 0.372373 0.704025 0.704025 0.704025
4642.689941 0.000000 546.045776 0.000000 0.891496 0.000000 0.453028 0.704443 0.704443 0.704443
4648.577637 0.000000 548.100098 0.000000 0.592922 0.000000 -0.805260 0.859111 0.859111 0.859111
4660.957031 0.000000 575.467529 0.000000 0.906734 0.000000 0.421704 0.709041 0.709041 0.709041
4656.807617 0.000000 562.132874 0.000000 0.301135 0.000000 -0.953582 0.928699 0.928699 0.928699
4649.282715 0.000000 547.279846 0.000000 0.930564 0.000000 -0.366131 0.794744 0.794744 0.794744
4643.207031 0.000000 543.999634 0.000000 0.799702 0.000000 -0.600397 0.823616 0.823616 0.823616
4660.256348 0.000000 555.165833 0.000000 0.454377 0.000000 -0.890810 0.882433 0.882433 0.882433
4649.552734 0.000000 550.238220 0.000000 0.999957 0.000000 -0.009264 0.750866 0.750866 0.750866
4661.291504 0.000000 564.712219 0.000000 0.607021 0.000000 -0.794686 0.837967 0.837967 0.837967
4648.935547 0.000000 551.781311 0.000000 0.857699 0.000000 -0.514153 0.800506 0.800506 0.800506
4661.990723 0.000000 565.850220 0.000000 0.963151 0.000000 -0.268963 0.776081 0.776081 0.776081
4642.002930 0.000000 544.138123 0.000000 0.268116 0.000000 0.963387 0.630665 0.630665 0.630665
4671.495117 0.000000 573.424316 0.000000 0.978977 0.000000 0.203970 0.715212 0.715212 0.715212
4671.463867 0.000000 575.309021 0.000000 0.909422 0.000000 0.415874 0.693021 0.693021 0.693021
4662.929199 0.000000 585.562561 0.000000 0.401543 0.000000 -0.915840 0.947350 0.947350 0.947350
4660.407715 0.000000 576.543640 0.000000 0.323499 0.000000 0.946229 0.532091 0.532091 0.532091
4668.751465 0.000000 577.116699 0.000000 0.292210 0.000000 -0.956354 1.015913 1.015913 1.015913
4659.902344 0.000000 604.929688 0.000000 0.337957 0.000000 -0.941161 0.925963 0.925963 0.925963
4662.803711 0.000000 601.576965 0.000000 0.735094 0.000000 -0.677966 0.886633 0.886633 0.886633
4664.915039 0.000000 598.996094 0.000000 0.689596 0.000000 0.724194 0.618301 0.618301 0.618301
4660.864746 0.000000 580.113892 0.000000 0.938760 0.000000 -0.344572 0.787051 0.787051 0.787051
4661.882324 0.000000 582.858337 0.000000 0.964779 0.000000 0.263061 0.714637 0.714637 0.714637
4662.761230 0.000000 578.097717 0.000000 0.511284 0.000000 0.859412 0.656767 0.656767 0.656767
4664.917480 0.000000 603.483887 0.000000 0.791060 0.000000 -0.611738 0.858154 0.858154 0.858154
4670.446777 0.000000 578.682922 0.000000 0.892624 0.000000 0.450802 0.670008 0.670008 0.670008
4670.749512 0.000000 575.873535 0.000000 0.960393 0.000000 -0.278649 0.787514 0.787514 0.787514
4661.073730 0.000000 586.502930 0.000000 0.640989 0.000000 0.767550 0.662265 0.662265 0.662265
4664.891602 0.000000 601.038940 0.000000 0.977851 0.000000 0.209303 0.726015 0.726015 0.726015
4658.586426 0.000000 603.526306 0.000000 0.364588 0.000000 -0.931169 0.922553 0.922553 0.922553
4660.184082 0.000000 582.211731 0.000000 0.201326 0.000000 -0.979524 0.931747 0.931747 0.931747
4658.146973 0.000000 605.303406 0.000000 0.120118 0.000000 0.992760 0.541840 0.541840 0.541840
4661.549805 0.000000 584.589539 0.000000 0.774406 0.000000 0.632688 0.660536 0.660536 0.660536
4663.002930 0.000000 583.977966 0.000000 0.825619 0.000000 0.564228 0.647122 0.647122 0.647122
4663.430176 0.000000 603.078125 0.000000 0.154114 0.000000 -0.988053 0.984256 0.984256 0.984256
4670.878418 0.000000 601.875610 0.000000 0.260203 0.000000 0.965554 0.567479 0.567479 0.567479
4662.298828 0.000000 579.590942 0.000000 0.264418 0.000000 -0.964408 0.867492 0.867492 0.867492
4663.497070 0.000000 576.831848 0.000000 0.590740 0.000000 0.806862 0.638464 0.638464 0.638464
4670.199219 0.000000 577.182434 0.000000 0.611757 0.000000 -0.791046 0.820480 0.820480 0.820480
4663.611328 0.000000 579.138428 0.000000 0.993671 0.000000 -0.112329 0.760149 0.760149 0.760149
4665.478027 0.000000 602.284485 0.000000 0.977386 0.000000 0.211464 0.714991 0.714991 0.714991
4660.734375 0.000000 583.479004 0.000000 0.998190 0.000000 0.060139 0.742006 0.742006 0.742006
4661.237305 0.000000 581.475403 0.000000 0.511132 0.000000 0.859502 0.641065 0.641065 0.641065
4664.010254 0.000000 601.949951 0.000000 0.384822 0.000000 -0.922991 0.883744 0.883744 0.883744
4661.129395 0.000000 587.736694 0.000000 0.934020 0.000000 -0.357220 0.786627 0.786627 0.786627
4659.829590 0.000000 603.741577 0.000000 0.835007 0.000000 0.550240 0.666050 0.666050 0.666050
4660.749023 0.000000 585.370667 0.000000 0.855986 0.000000 -0.516998 0.820961 0.820961 0.820961
4664.487793 0.000000 600.003174 0.000000 0.339892 0.000000 -0.940464 0.889228 0.889228 0.889228
4670.633301 0.000000 602.945923 0.000000 0.853415 0.000000 -0.521232 0.811444 0.811444 0.811444
4663.885742 0.000000 577.857666 0.000000 0.698728 0.000000 0.715387 0.655292 0.655292 0.655292
4670.979980 0.000000 600.779663 0.000000 0.008841 0.000000 0.999961 0.531969 0.531969 0.531969
4660.255371 0.000000 581.056763 0.000000 0.206509 0.000000 0.978445 0.606467 0.606467 0.606467
4660.256348 0.000000 587.158020 0.000000 0.983783 0.000000 -0.179363 0.768082 0.768082 0.768082
4665.875488 0.000000 601.149841 0.000000 0.878160 0.000000 -0.478367 0.806737 0.806737 0.806737
4661.794434 0.000000 580.424377 0.000000 0.021732 0.000000 0.999764 0.586848 0.586848 0.586848
4662.570801 0.000000 577.004578 0.000000 0.692438 0.000000 0.721477 0.654251 0.654251 0.654251
4671.084961 0.000000 577.166809 0.000000 0.610323 0.000000 0.792153 0.679380 0.679380 0.679380
4662.929199 0.000000 617.554749 0.000000 0.945289 0.000000 0.326234 0.688866 0.688866 0.688866
4651.696289 0.000000 611.632324 0.000000 0.536249 0.000000 -0.844060 0.862038 0.862038 0.862038
4662.277344 0.000000 628.754517 0.000000 0.426995 0.000000 -0.904254 0.896896 0.896896 0.896896
4658.309082 0.000000 614.269165 0.000000 0.734521 0.000000 -0.678586 0.841122 0.841122 0.841122
4670.125000 0.000000 637.738037 0.000000 0.898001 0.000000 -0.439992 0.804894 0.804894 0.804894
4664.709961 0.000000 638.085388 0.000000 0.814020 0.000000 -0.580837 0.828504 0.828504 0.828504
4654.252930 0.000000 614.849915 0.000000 0.425272 0.000000 0.905065 0.588238 0.588238 0.588238
4659.402344 0.000000 626.476624 0.000000 0.957679 0.000000 0.287840 0.693664 0.693664 0.693664
4664.763672 0.000000 626.396851 0.000000 0.772103 0.000000 0.635497 0.612868 0.612868 0.612868
4671.178711 0.000000 629.477417 0.000000 0.182397 0.000000 0.983225 0.493994 0.493994 0.493994
4662.109863 0.000000 620.548157 0.000000 0.945850 0.000000 0.324603 0.702553 0.702553 0.702553
4661.882324 0.000000 614.850525 0.000000 0.994297 0.000000 -0.106644 0.767855 0.767855 0.767855
4670.319336 0.000000 626.594727 0.000000 0.003391 0.000000 0.999994 0.461653 0.461653 0.461653
4658.689941 0.000000 629.187317 0.000000 0.102708 0.000000 0.994712 0.470063 0.470063 0.470063
4662.577637 0.000000 636.375244 0.000000 0.295962 0.000000 -0.955200 0.900208 0.900208 0.900208
4664.682129 0.000000 619.804504 0.000000 0.907261 0.000000 0.420568 0.669902 0.669902 0.669902
4659.794434 0.000000 616.457825 0.000000 0.719078 0.000000 0.694930 0.602614 0.602614 0.602614
4661.962891 0.000000 638.862976 0.000000 0.478295 0.000000 0.878199 0.568432 0.568432 0.568432
4667.111816 0.000000 639.189758 0.000000 0.314847 0.000000 0.949143 0.592303 0.592303 0.592303
4664.917480 0.000000 635.476074 0.000000 0.465187 0.000000 0.885212 0.539050 0.539050 0.539050
4665.462891 0.000000 628.780701 0.000000 0.593259 0.000000 -0.805012 0.922135 0.922135 0.922135
4660.442871 0.000000 628.132324 0.000000 0.999735 0.000000 -0.023016 0.752140 0.752140 0.752140
4660.184082 0.000000 614.203918 0.000000 0.987924 0.000000 0.154938 0.724003 0.724003 0.724003
4663.254395 0.000000 631.803223 0.000000 0.587192 0.000000 -0.809448 0.867886 0.867886 0.867886
4668.892578 0.000000 639.276123 0.000000 0.930624 0.000000 0.365976 0.692016 0.692016 0.692016
4663.124512 0.000000 627.205994 0.000000 0.433258 0.000000 -0.901270 0.950229 0.950229 0.950229
4663.797852 0.000000 629.624146 0.000000 0.903716 0.000000 0.428131 0.692468 0.692468 0.692468
4670.725098 0.000000 614.120117 0.000000 0.670839 0.000000 0.741603 0.603814 0.603814 0.603814
4663.560059 0.000000 621.332092 0.000000 0.605137 0.000000 -0.796121 0.882162 0.882162 0.882162
4661.549805 0.000000 616.581726 0.000000 0.941171 0.000000 0.337930 0.693362 0.693362 0.693362
4663.017578 0.000000 619.209473 0.000000 0.837889 0.000000 0.545841 0.683025 0.683025 0.683025
4658.215332 0.000000 615.891418 0.000000 0.943977 0.000000 0.330012 0.708911 0.708911 0.708911
4660.955566 0.000000 626.599976 0.000000 0.901094 0.000000 -0.433623 0.824952 0.824952 0.824952
4661.083496 0.000000 629.707520 0.000000 0.993960 0.000000 -0.109741 0.760223 0.760223 0.760223
4670.702148 0.000000 636.124329 0.000000 0.607886 0.000000 0.794024 0.639463 0.639463 0.639463
4663.894531 0.000000 639.383118 0.000000 0.880787 0.000000 -0.473513 0.816639 0.816639 0.816639
4663.179688 0.000000 637.958801 0.000000 0.861236 0.000000 0.508206 0.686965 0.686965 0.686965
4670.822266 0.000000 639.224121 0.000000 0.286468 0.000000 0.958090 0.568414 0.568414 0.568414
4661.354492 0.000000 637.367371 0.000000 0.473642 0.000000 -0.880718 0.931253 0.931253 0.931253
4656.219727 0.000000 615.549438 0.000000 0.506451 0.000000 -0.862269 0.858340 0.858340 0.858340
4650.354492 0.000000 610.981445 0.000000 0.301044 0.000000 -0.953610 0.891051 0.891051 0.891051
4664.086914 0.000000 636.807861 0.000000 0.286317 0.000000 -0.958135 0.967570 0.967570 0.967570
4665.670898 0.000000 639.172668 0.000000 0.858322 0.000000 -0.513111 0.818250 0.818250 0.818250
4662.734375 0.000000 630.489380 0.000000 0.951130 0.000000 -0.308790 0.789235 0.789235 0.789235
4659.432129 0.000000 615.226379 0.000000 0.977613 0.000000 0.210411 0.724099 0.724099 0.724099
4657.297852 0.000000 614.964722 0.000000 0.527085 0.000000 -0.849813 0.855828 0.855828 0.855828
4663.613281 0.000000 620.165222 0.000000 0.655245 0.000000 -0.755416 0.872895 0.872895 0.872895
4662.140137 0.000000 618.341797 0.000000 0.380003 0.000000 0.924985 0.613009 0.613009 0.613009
4670.633301 0.000000 634.938110 0.000000 0.910451 0.000000 0.413617 0.693111 0.693111 0.693111
4655.406250 0.000000 614.664124 0.000000 0.531300 0.000000 0.847184 0.605517 0.605517 0.605517
4663.805664 0.000000 630.733582 0.000000 0.062506 0.000000 0.998045 0.561494 0.561494 0.561494
4663.301758 0.000000 628.404480 0.000000 0.982643 0.000000 -0.185504 0.774263 0.774263 0.774263
4662.870605 0.000000 639.487793 0.000000 0.512189 0.000000 0.858873 0.610439 0.610439 0.610439
4671.021973 0.000000 637.182556 0.000000 0.999514 0.000000 -0.031171 0.753756 0.753756 0.753756
4661.291504 0.000000 628.696594 0.000000 0.974287 0.000000 0.225312 0.728872 0.728872 0.728872
4662.347168 0.000000 637.390442 0.000000 0.222861 0.000000 0.974850 0.590840 0.590840 0.590840
4650.011230 0.000000 610.015442 0.000000 0.215911 0.000000 -0.976413 0.900881 0.900881 0.900881
4663.496094 0.000000 636.050781 0.000000 0.697381 0.000000 0.716701 0.655517 0.655517 0.655517
4662.062500 0.000000 619.476501 0.000000 0.385939 0.000000 -0.922524 0.886245 0.886245 0.886245
4651.349121 0.000000 610.719971 0.000000 0.628266 0.000000 -0.777999 0.849401 0.849401 0.849401
4650.759766 0.000000 611.850952 0.000000 0.866545 0.000000 -0.499100 0.808266 0.808266 0.808266
4657.070801 0.000000 615.913940 0.000000 0.222066 0.000000 -0.975032 0.890343 0.890343 0.890343
4661.990723 0.000000 629.834595 0.000000 0.991600 0.000000 -0.129339 0.762058 0.762058 0.762058
4671.655273 0.000000 600.959595 0.000000 0.372533 0.000000 0.928019 0.584021 0.584021 0.584021
4675.604980 0.000000 605.836304 0.000000 0.717184 0.000000 -0.696883 0.845501 0.845501 0.845501
4675.192383 0.000000 600.970276 0.000000 0.202033 0.000000 -0.979379 0.938564 0.938564 0.938564
4673.633789 0.000000 603.455078 0.000000 0.333065 0.000000 0.942904 0.571908 0.571908 0.571908
4676.121582 0.000000 603.389771 0.000000 0.853468 0.000000 0.521145 0.669168 0.669168 0.669168
4673.587891 0.000000 599.157349 0.000000 0.866585 0.000000 -0.499029 0.827628 0.827628 0.827628
4671.505371 0.000000 577.956421 0.000000 0.513937 0.000000 -0.857828 0.829634 0.829634 0.829634
4671.461426 0.000000 603.353088 0.000000 0.159469 0.000000 -0.987203 0.908082 0.908082 0.908082
4677.175781 0.000000 605.010437 0.000000 0.414534 0.000000 -0.910034 0.957127 0.957127 0.957127
4674.030273 0.000000 605.093750 0.000000 0.779821 0.000000 -0.626003 0.833781 0.833781 0.833781
4672.054199 0.000000 599.463989 0.000000 0.696560 0.000000 0.717498 0.631109 0.631109 0.631109
4674.847168 0.000000 602.450317 0.000000 0.983759 0.000000 0.179493 0.737075 0.737075 0.737075
4675.064941 0.000000 599.009583 0.000000 0.926639 0.000000 -0.375953 0.810079 0.810079 0.810079
4671.453613 0.000000 576.399536 0.000000 0.978910 0.000000 0.204293 0.734109 0.734109 0.734109
4677.595215 0.000000 603.662354 0.000000 0.479456 0.000000 0.877566 0.592114 0.592114 0.592114
4672.258789 0.000000 602.213135 0.000000 0.143754 0.000000 0.989614 0.543659 0.543659 0.543659
4675.338867 0.000000 604.482422 0.000000 0.754542 0.000000 0.656251 0.661336 0.661336 0.661336
4674.716797 0.000000 603.542114 0.000000 0.915226 0.000000 0.402942 0.720297 0.720297 0.720297
4675.821777 0.000000 602.287109 0.000000 0.348922 0.000000 0.937152 0.663027 0.663027 0.663027
4674.046387 0.000000 602.687012 0.000000 0.088468 0.000000 -0.996079 0.856156 0.856156 0.856156
4675.385742 0.000000 603.072937 0.000000 0.016465 0.000000 -0.999864 0.861321 0.861321 0.861321
4734.117188 0.000000 605.745850 0.000000 0.634115 0.000000 -0.773239 0.905164 0.905164 0.905164
4733.535156 0.000000 603.073242 0.000000 0.497453 0.000000 -0.867491 0.930210 0.930210 0.930210
4731.104004 0.000000 607.197571 0.000000 0.521083 0.000000 0.853506 0.560140 0.560140 0.560140
4732.884766 0.000000 607.283936 0.000000 0.882259 0.000000 -0.470764 0.796669 0.796669 0.796669
4732.965332 0.000000 604.584412 0.000000 0.214066 0.000000 -0.976819 0.911748 0.911748 0.911748
4734.694336 0.000000 604.132141 0.000000 0.668015 0.000000 -0.744148 0.897322 0.897322 0.897322
4732.040527 0.000000 605.985657 0.000000 0.848388 0.000000 0.529375 0.683410 0.683410 0.683410
4734.625488 0.000000 602.945923 0.000000 0.335065 0.000000 -0.942195 0.913286 0.913286 0.913286
4733.110352 0.000000 606.234253 0.000000 0.974559 0.000000 -0.224131 0.771523 0.771523 0.771523
4733.824219 0.000000 606.948425 0.000000 0.554502 0.000000 -0.832182 0.843596 0.843596 0.843596
4733.914551 0.000000 604.673035 0.000000 0.193646 0.000000 -0.981072 0.914238 0.914238 0.914238
4732.004395 0.000000 606.980530 0.000000 0.559326 0.000000 -0.828947 0.843044 0.843044 0.843044
4699.863281 0.000000 624.956238 0.000000 0.996043 0.000000 -0.088868 0.767120 0.767120 0.767120
4703.183105 0.000000 616.185974 0.000000 0.892736 0.000000 0.450581 0.650359 0.650359 0.650359
4694.273438 0.000000 628.754517 0.000000 0.921008 0.000000 -0.389543 0.832601 0.832601 0.832601
4671.717285 0.000000 626.220520 0.000000 0.118512 0.000000 0.992953 0.482883 0.482883 0.482883
4686.581543 0.000000 633.086914 0.000000 0.892409 0.000000 -0.451227 0.822447 0.822447 0.822447
4696.706055 0.000000 638.085388 0.000000 0.699459 0.000000 0.714673 0.671513 0.671513 0.671513
4674.921875 0.000000 629.343628 0.000000 0.725462 0.000000 0.688262 0.662375 0.662375 0.662375
4678.408203 0.000000 634.476135 0.000000 0.568408 0.000000 0.822747 0.610784 0.610784 0.610784
4671.576660 0.000000 612.069214 0.000000 0.885679 0.000000 -0.464298 0.840453 0.840453 0.840453
4671.495117 0.000000 637.408691 0.000000 0.931639 0.000000 0.363385 0.705190 0.705190 0.705190
4682.527344 0.000000 633.398438 0.000000 0.755597 0.000000 0.655036 0.624224 0.624224 0.624224
4696.648926 0.000000 622.557739 0.000000 0.987221 0.000000 0.159358 0.719030 0.719030 0.719030
4673.084473 0.000000 617.355652 0.000000 0.909064 0.000000 0.416657 0.667317 0.667317 0.667317
4691.398438 0.000000 626.476624 0.000000 0.619277 0.000000 -0.785173 0.870465 0.870465 0.870465
4696.759766 0.000000 626.396851 0.000000 0.336279 0.000000 -0.941763 0.932426 0.932426 0.932426
4688.100098 0.000000 630.113342 0.000000 0.791472 0.000000 -0.611205 0.846962 0.846962 0.846962
4688.637695 0.000000 635.729370 0.000000 0.674881 0.000000 -0.737927 0.896162 0.896162 0.896162
4673.731934 0.000000 623.723633 0.000000 0.653382 0.000000 -0.757028 0.853471 0.853471 0.853471
4684.706055 0.000000 625.863953 0.000000 0.973460 0.000000 -0.228858 0.775617 0.775617 0.775617
4671.751465 0.000000 629.788696 0.000000 0.868620 0.000000 -0.495478 0.845656 0.845656 0.845656
4673.633789 0.000000 635.447266 0.000000 0.507365 0.000000 0.861731 0.657524 0.657524 0.657524
4702.444824 0.000000 619.260559 0.000000 0.555910 0.000000 -0.831243 0.882574 0.882574 0.882574
4702.315430 0.000000 626.594727 0.000000 0.942820 0.000000 0.333301 0.701995 0.701995 0.701995
4671.621094 0.000000 614.935608 0.000000 0.426829 0.000000 0.904332 0.552309 0.552309 0.552309
4699.312988 0.000000 636.689087 0.000000 0.903176 0.000000 -0.429271 0.814425 0.814425 0.814425
4690.686035 0.000000 629.187317 0.000000 0.928268 0.000000 0.371911 0.676472 0.676472 0.676472
4674.115723 0.000000 613.008911 0.000000 0.688249 0.000000 -0.725474 0.904344 0.904344 0.904344
4684.444336 0.000000 631.394165 0.000000 0.939317 0.000000 0.343050 0.688533 0.688533 0.688533
4701.539062 0.000000 635.065430 0.000000 0.248535 0.000000 -0.968623 0.970527 0.970527 0.970527
4686.885254 0.000000 624.389038 0.000000 0.939320 0.000000 -0.343042 0.817366 0.817366 0.817366
4699.323242 0.000000 622.202637 0.000000 0.907440 0.000000 -0.420181 0.823198 0.823198 0.823198
4675.538574 0.000000 617.273132 0.000000 0.870553 0.000000 0.492075 0.662580 0.662580 0.662580
4699.107910 0.000000 639.189758 0.000000 0.824597 0.000000 -0.565720 0.857917 0.857917 0.857917
4679.919922 0.000000 632.552551 0.000000 0.016450 0.000000 -0.999865 1.000147 1.000147 1.000147
4698.990234 0.000000 627.235718 0.000000 0.874629 0.000000 -0.484794 0.823492 0.823492 0.823492
4673.965820 0.000000 627.118652 0.000000 0.940173 0.000000 0.340698 0.690535 0.690535 0.690535
4680.666992 0.000000 635.235779 0.000000 0.996294 0.000000 0.086014 0.741897 0.741897 0.741897
4688.847656 0.000000 633.243713 0.000000 0.182351 0.000000 0.983234 0.612445 0.612445 0.612445
4673.849609 0.000000 615.243591 0.000000 0.997635 0.000000 -0.068735 0.756704 0.756704 0.756704
4697.458984 0.000000 628.780701 0.000000 0.995223 0.000000 -0.097632 0.764803 0.764803 0.764803
4684.574219 0.000000 633.859619 0.000000 0.054689 0.000000 0.998503 0.508566 0.508566 0.508566
4684.821777 0.000000 623.621399 0.000000 0.604147 0.000000 -0.796873 0.896325 0.896325 0.896325
4677.384766 0.000000 638.985474 0.000000 0.694707 0.000000 -0.719293 0.825533 0.825533 0.825533
4675.743652 0.000000 624.173950 0.000000 0.452711 0.000000 0.891657 0.569721 0.569721 0.569721
4674.927734 0.000000 622.167725 0.000000 0.992621 0.000000 -0.121257 0.771201 0.771201 0.771201
4671.461426 0.000000 635.345276 0.000000 0.647646 0.000000 -0.761942 0.865573 0.865573 0.865573
4689.613770 0.000000 627.626343 0.000000 0.875849 0.000000 0.482586 0.668670 0.668670 0.668670
4678.026855 0.000000 632.578552 0.000000 0.007128 0.000000 0.999975 0.498353 0.498353 0.498353
4671.463867 0.000000 639.293396 0.000000 0.962898 0.000000 0.269866 0.711243 0.711243 0.711243
4672.411133 0.000000 628.067871 0.000000 0.996911 0.000000 0.078535 0.740572 0.740572 0.740572
4701.633789 0.000000 624.611755 0.000000 0.940206 0.000000 -0.340606 0.812182 0.812182 0.812182
4677.175781 0.000000 637.002625 0.000000 0.881983 0.000000 -0.471282 0.829253 0.829253 0.829253
4698.133789 0.000000 620.870544 0.000000 0.992266 0.000000 -0.124133 0.764646 0.764646 0.764646
4674.434570 0.000000 625.411621 0.000000 0.330112 0.000000 0.943942 0.547881 0.547881 0.547881
4689.204102 0.000000 631.523071 0.000000 0.220419 0.000000 -0.975405 0.948847 0.948847 0.948847
4683.084961 0.000000 625.038391 0.000000 0.198608 0.000000 -0.980079 0.982168 0.982168 0.982168
4701.121094 0.000000 620.544922 0.000000 0.040665 0.000000 -0.999173 0.904281 0.904281 0.904281
4675.651367 0.000000 627.832825 0.000000 0.742465 0.000000 0.669885 0.614548 0.614548 0.614548
4700.549316 0.000000 626.580444 0.000000 0.198170 0.000000 -0.980168 0.962216 0.962216 0.962216
4673.263672 0.000000 621.908630 0.000000 0.919930 0.000000 0.392083 0.679955 0.679955 0.679955
4688.102539 0.000000 628.402466 0.000000 0.082320 0.000000 0.996606 0.524682 0.524682 0.524682
4672.505859 0.000000 613.437256 0.000000 0.856143 0.000000 0.516739 0.652236 0.652236 0.652236
4686.977539 0.000000 622.781006 0.000000 0.829531 0.000000 0.558461 0.649650 0.649650 0.649650
4672.583008 0.000000 624.814636 0.000000 0.835625 0.000000 -0.549301 0.852407 0.852407 0.852407
4700.969238 0.000000 636.576599 0.000000 0.999551 0.000000 -0.029953 0.754485 0.754485 0.754485
4698.244629 0.000000 637.858032 0.000000 0.720154 0.000000 0.693815 0.638660 0.638660 0.638660
4680.982422 0.000000 633.718811 0.000000 0.090940 0.000000 0.995856 0.508537 0.508537 0.508537
4702.874512 0.000000 633.867798 0.000000 0.749179 0.000000 0.662368 0.646502 0.646502 0.646502
4702.929688 0.000000 620.729919 0.000000 0.772079 0.000000 -0.635527 0.855031 0.855031 0.855031
4679.136230 0.000000 635.867310 0.000000 0.844773 0.000000 -0.535125 0.831357 0.831357 0.831357
4700.044434 0.000000 637.977844 0.000000 0.504362 0.000000 -0.863492 0.906010 0.906010 0.906010
4698.971680 0.000000 623.737122 0.000000 0.287814 0.000000 0.957686 0.534132 0.534132 0.534132
4673.229980 0.000000 629.709473 0.000000 0.982346 0.000000 0.187074 0.727432 0.727432 0.727432
4689.853516 0.000000 626.191345 0.000000 0.300637 0.000000 -0.953739 0.954362 0.954362 0.954362
4681.472656 0.000000 632.361694 0.000000 0.415786 0.000000 0.909463 0.563649 0.563649 0.563649
4674.287109 0.000000 616.569153 0.000000 0.091720 0.000000 0.995785 0.498695 0.498695 0.498695
4689.777832 0.000000 630.245911 0.000000 0.530009 0.000000 0.847992 0.600751 0.600751 0.600751
4685.275879 0.000000 632.551941 0.000000 0.922310 0.000000 -0.386452 0.813187 0.813187 0.813187
4697.666992 0.000000 639.172668 0.000000 0.963273 0.000000 0.268523 0.723199 0.723199 0.723199
4674.838379 0.000000 614.228638 0.000000 0.999774 0.000000 0.021266 0.747724 0.747724 0.747724
4672.604492 0.000000 615.882629 0.000000 0.567160 0.000000 0.823607 0.655685 0.655685 0.655685
4672.258789 0.000000 634.205322 0.000000 0.654196 0.000000 0.756325 0.673638 0.673638 0.673638
4690.993652 0.000000 627.874939 0.000000 0.904403 0.000000 -0.426679 0.808809 0.808809 0.808809
4685.595215 0.000000 624.825989 0.000000 0.754554 0.000000 0.656238 0.670586 0.670586 0.670586
4696.275879 0.000000 628.012573 0.000000 0.997062 0.000000 0.076597 0.738393 0.738393 0.738393
4679.716309 0.000000 634.155518 0.000000 0.681723 0.000000 0.731610 0.631755 0.631755 0.631755
4697.544922 0.000000 627.449219 0.000000 0.784168 0.000000 -0.620548 0.849463 0.849463 0.849463
4673.859375 0.000000 628.503967 0.000000 0.844572 0.000000 -0.535442 0.817763 0.817763 0.817763
4700.568848 0.000000 621.767578 0.000000 0.999076 0.000000 0.042978 0.745665 0.745665 0.745665
4689.431641 0.000000 628.902954 0.000000 0.245901 0.000000 0.969295 0.549817 0.549817 0.549817
4681.935059 0.000000 634.571228 0.000000 0.790576 0.000000 0.612364 0.687991 0.687991 0.687991
4699.494629 0.000000 620.976990 0.000000 0.785941 0.000000 0.618302 0.671556 0.671556 0.671556
4676.194824 0.000000 638.856140 0.000000 0.435106 0.000000 -0.900379 0.855440 0.855440 0.855440
4673.532227 0.000000 614.084534 0.000000 0.653870 0.000000 0.756607 0.666370 0.666370 0.666370
4684.259766 0.000000 624.764343 0.000000 0.415035 0.000000 0.909806 0.623216 0.623216 0.623216
4689.822754 0.000000 632.604126 0.000000 0.925133 0.000000 -0.379644 0.788608 0.788608 0.788608
4699.483398 0.000000 626.090454 0.000000 0.111510 0.000000 -0.993763 0.961863 0.961863 0.961863
4697.580566 0.000000 629.939880 0.000000 0.963825 0.000000 -0.266534 0.790843 0.790843 0.790843
4672.080566 0.000000 622.250183 0.000000 0.992184 0.000000 0.124781 0.734926 0.734926 0.734926
4702.629395 0.000000 634.938110 0.000000 0.990492 0.000000 -0.137572 0.766861 0.766861 0.766861
4672.971680 0.000000 622.985229 0.000000 0.931828 0.000000 -0.362900 0.794747 0.794747 0.794747
4672.535645 0.000000 635.243225 0.000000 0.035855 0.000000 -0.999357 0.886660 0.886660 0.886660
4672.669922 0.000000 614.708557 0.000000 0.430260 0.000000 -0.902705 0.859740 0.859740 0.859740
4676.866211 0.000000 638.026367 0.000000 0.979972 0.000000 0.199137 0.731137 0.731137 0.731137
4703.075195 0.000000 618.297241 0.000000 0.403021 0.000000 -0.915191 0.906167 0.906167 0.906167
4673.967773 0.000000 622.734558 0.000000 0.982924 0.000000 -0.184015 0.772299 0.772299 0.772299
4671.594238 0.000000 636.353760 0.000000 0.542720 0.000000 -0.839913 0.870143 0.870143 0.870143
4672.466797 0.000000 629.061279 0.000000 0.730039 0.000000 0.683405 0.659764 0.659764 0.659764
4675.782715 0.000000 628.824890 0.000000 0.560577 0.000000 -0.828102 0.862631 0.862631 0.862631
4688.502930 0.000000 632.268677 0.000000 0.740510 0.000000 0.672045 0.676934 0.676934 0.676934
4673.179688 0.000000 634.506775 0.000000 0.999484 0.000000 0.032118 0.747140 0.747140 0.747140
4698.757324 0.000000 620.128235 0.000000 0.218981 0.000000 -0.975729 0.908872 0.908872 0.908872
4674.840332 0.000000 615.179443 0.000000 0.880202 0.000000 0.474598 0.697084 0.697084 0.697084
4698.401367 0.000000 621.765686 0.000000 0.944442 0.000000 0.328678 0.710588 0.710588 0.710588
4680.032715 0.000000 635.976501 0.000000 0.484401 0.000000 -0.874846 0.850215 0.850215 0.850215
4696.726562 0.000000 638.981506 0.000000 0.485540 0.000000 0.874214 0.645126 0.645126 0.645126
4689.586426 0.000000 633.690796 0.000000 0.476772 0.000000 -0.879027 0.856463 0.856463 0.856463
4726.921387 0.000000 617.554749 0.000000 0.189631 0.000000 0.981856 0.506980 0.506980 0.506980
4703.651367 0.000000 632.951782 0.000000 0.437789 0.000000 -0.899078 0.909779 0.909779 0.909779
4724.399902 0.000000 608.535828 0.000000 0.590439 0.000000 0.807082 0.612041 0.612041 0.612041
4708.072266 0.000000 614.877991 0.000000 0.154745 0.000000 0.987954 0.583431 0.583431 0.583431
4732.743652 0.000000 609.108887 0.000000 0.998753 0.000000 0.049928 0.741429 0.741429 0.741429
4703.713379 0.000000 626.220520 0.000000 0.630045 0.000000 -0.776559 0.875618 0.875618 0.875618
4714.841309 0.000000 623.229919 0.000000 0.920303 0.000000 0.391206 0.675380 0.675380 0.675380
4713.431641 0.000000 617.030823 0.000000 0.760915 0.000000 -0.648851 0.847370 0.847370 0.847370
4728.208008 0.000000 612.330933 0.000000 0.858261 0.000000 -0.513214 0.822806 0.822806 0.822806
4703.748535 0.000000 621.154785 0.000000 0.981055 0.000000 0.193729 0.720267 0.720267 0.720267
4706.917969 0.000000 629.343628 0.000000 0.339401 0.000000 -0.940642 0.875531 0.875531 0.875531
4711.452148 0.000000 625.652344 0.000000 0.854790 0.000000 -0.518974 0.829844 0.829844 0.829844
4730.794434 0.000000 615.653259 0.000000 0.954127 0.000000 0.299402 0.713705 0.713705 0.713705
4720.561523 0.000000 622.509949 0.000000 0.266054 0.000000 -0.963958 0.901700 0.901700 0.901700
4705.080566 0.000000 617.355652 0.000000 0.836498 0.000000 -0.547969 0.843657 0.843657 0.843657
4733.535156 0.000000 612.811401 0.000000 0.423943 0.000000 -0.905689 0.959068 0.959068 0.959068
4719.851074 0.000000 611.535950 0.000000 0.186211 0.000000 -0.982510 0.938456 0.938456 0.938456
4708.136719 0.000000 626.129944 0.000000 0.045997 0.000000 -0.998942 0.985967 0.985967 0.985967
4715.210938 0.000000 619.921265 0.000000 0.962333 0.000000 -0.271873 0.781474 0.781474 0.781474
4705.629883 0.000000 635.447266 0.000000 0.142912 0.000000 0.989735 0.460951 0.460951 0.460951
4710.807129 0.000000 615.676575 0.000000 0.924160 0.000000 0.382006 0.696387 0.696387 0.696387
4730.824219 0.000000 611.122742 0.000000 0.988645 0.000000 -0.150272 0.776733 0.776733 0.776733
4722.546387 0.000000 610.633362 0.000000 0.929046 0.000000 0.369963 0.722858 0.722858 0.722858
4726.753418 0.000000 610.089905 0.000000 0.831238 0.000000 0.555917 0.631626 0.631626 0.631626
4728.674316 0.000000 619.804504 0.000000 0.192868 0.000000 0.981225 0.505241 0.505241 0.505241
4709.296875 0.000000 628.525085 0.000000 0.338495 0.000000 0.940968 0.595459 0.595459 0.595459
4721.771484 0.000000 608.213745 0.000000 0.174923 0.000000 0.984582 0.488674 0.488674 0.488674
4707.534668 0.000000 617.273132 0.000000 0.361431 0.000000 0.932399 0.618111 0.618111 0.618111
4728.315430 0.000000 615.109924 0.000000 0.832854 0.000000 -0.553493 0.792009 0.792009 0.792009
4705.961914 0.000000 627.118652 0.000000 0.908637 0.000000 -0.417588 0.814489 0.814489 0.814489
4712.483887 0.000000 623.405640 0.000000 0.681919 0.000000 0.731427 0.679260 0.679260 0.679260
4722.771973 0.000000 621.649719 0.000000 0.916753 0.000000 -0.399456 0.819132 0.819132 0.819132
4730.216309 0.000000 617.930603 0.000000 0.921076 0.000000 0.389383 0.675073 0.675073 0.675073
4720.953125 0.000000 620.271423 0.000000 0.420595 0.000000 0.907248 0.554297 0.554297 0.554297
4734.438965 0.000000 610.675110 0.000000 0.923065 0.000000 0.384644 0.719505 0.719505 0.719505
4712.125000 0.000000 618.860168 0.000000 0.969404 0.000000 0.245470 0.703540 0.703540 0.703540
4717.760254 0.000000 612.430969 0.000000 0.967380 0.000000 -0.253330 0.768919 0.768919 0.768919
4711.381836 0.000000 627.832520 0.000000 0.412819 0.000000 0.910813 0.633239 0.633239 0.633239
4703.430176 0.000000 618.714966 0.000000 0.869158 0.000000 -0.494535 0.819884 0.819884 0.819884
4731.397949 0.000000 613.407593 0.000000 0.433309 0.000000 -0.901245 0.885266 0.885266 0.885266
4730.629883 0.000000 608.669739 0.000000 0.922662 0.000000 -0.385609 0.823715 0.823715 0.823715
4716.817871 0.000000 623.621399 0.000000 0.282804 0.000000 0.959178 0.546955 0.546955 0.546955
4720.387695 0.000000 609.640015 0.000000 0.968035 0.000000 -0.250815 0.797493 0.797493 0.797493
4712.601562 0.000000 614.804626 0.000000 0.688645 0.000000 0.725099 0.626745 0.626745 0.626745
4713.832031 0.000000 621.332397 0.000000 0.137912 0.000000 0.990445 0.504183 0.504183 0.504183
4703.457520 0.000000 635.345276 0.000000 0.770753 0.000000 0.637134 0.665605 0.665605 0.665605
4729.559570 0.000000 613.617981 0.000000 0.996271 0.000000 0.086276 0.738330 0.738330 0.738330
4732.646484 0.000000 611.039001 0.000000 0.272251 0.000000 -0.962226 0.973696 0.973696 0.973696
4709.954102 0.000000 626.717224 0.000000 0.355491 0.000000 -0.934680 0.936844 0.936844 0.936844
4718.416992 0.000000 610.424133 0.000000 0.965441 0.000000 0.260620 0.714084 0.714084 0.714084
4716.158203 0.000000 613.396851 0.000000 0.900341 0.000000 -0.435185 0.783258 0.783258 0.783258
4704.407227 0.000000 628.067871 0.000000 0.218955 0.000000 -0.975735 0.964236 0.964236 0.964236
4709.256348 0.000000 616.682739 0.000000 0.973784 0.000000 -0.227474 0.790670 0.790670 0.790670
4705.104492 0.000000 619.440491 0.000000 0.773260 0.000000 0.634089 0.663772 0.663772 0.663772
4705.449219 0.000000 633.562988 0.000000 0.973970 0.000000 0.226677 0.707677 0.707677 0.707677
4714.825195 0.000000 618.156982 0.000000 0.697091 0.000000 0.716982 0.658613 0.658613 0.658613
4728.652344 0.000000 617.066895 0.000000 0.289192 0.000000 -0.957271 0.841488 0.841488 0.841488
4715.700195 0.000000 621.652710 0.000000 0.885426 0.000000 -0.464781 0.810144 0.810144 0.810144
4724.753906 0.000000 610.299866 0.000000 0.757893 0.000000 -0.652379 0.863181 0.863181 0.863181
4711.015625 0.000000 617.534851 0.000000 0.902495 0.000000 0.430699 0.686345 0.686345 0.686345
4722.950684 0.000000 623.333618 0.000000 0.131626 0.000000 -0.991299 0.897497 0.897497 0.897497
4713.067871 0.000000 624.974060 0.000000 0.415290 0.000000 0.909689 0.576396 0.576396 0.576396
4709.746582 0.000000 614.415588 0.000000 0.848336 0.000000 0.529459 0.684338 0.684338 0.684338
4715.005371 0.000000 616.560730 0.000000 0.987249 0.000000 -0.159182 0.775727 0.775727 0.775727
4718.973633 0.000000 622.781006 0.000000 0.987397 0.000000 -0.158265 0.764150 0.764150 0.764150
4722.966309 0.000000 609.150024 0.000000 0.565899 0.000000 -0.824475 0.878221 0.878221 0.878221
4705.226074 0.000000 629.709473 0.000000 0.834527 0.000000 0.550967 0.657403 0.657403 0.657403
4709.847656 0.000000 629.894592 0.000000 0.254653 0.000000 0.967033 0.584383 0.584383 0.584383
4718.876465 0.000000 613.399475 0.000000 0.977209 0.000000 0.212281 0.713532 0.713532 0.713532
4711.203125 0.000000 624.098694 0.000000 0.424608 0.000000 0.905377 0.584317 0.584317 0.584317
4712.128906 0.000000 616.308350 0.000000 0.822967 0.000000 0.568090 0.666681 0.666681 0.666681
4711.258301 0.000000 614.284729 0.000000 0.779601 0.000000 0.626276 0.657432 0.657432 0.657432
4708.367676 0.000000 629.604980 0.000000 0.881048 0.000000 -0.473027 0.812136 0.812136 0.812136
4706.283203 0.000000 616.569153 0.000000 0.424827 0.000000 0.905274 0.625684 0.625684 0.625684
4732.133301 0.000000 607.856628 0.000000 0.301242 0.000000 0.953548 0.629576 0.629576 0.629576
4713.853027 0.000000 615.611511 0.000000 0.949219 0.000000 -0.314615 0.798631 0.798631 0.798631
4721.235840 0.000000 611.061768 0.000000 0.220688 0.000000 -0.975345 0.907909 0.907909 0.907909
4731.854492 0.000000 614.747925 0.000000 0.781971 0.000000 0.623315 0.669670 0.669670 0.669670
4706.834473 0.000000 614.228638 0.000000 0.534447 0.000000 -0.845202 0.901304 0.901304 0.901304
4725.662109 0.000000 609.264099 0.000000 0.653802 0.000000 -0.756666 0.876061 0.876061 0.876061
4731.828125 0.000000 612.098755 0.000000 0.889805 0.000000 -0.456341 0.807098 0.807098 0.807098
4729.410156 0.000000 615.917419 0.000000 0.294525 0.000000 0.955644 0.658911 0.658911 0.658911
4705.855469 0.000000 628.503967 0.000000 0.806868 0.000000 0.590731 0.649716 0.649716 0.649716
4705.137207 0.000000 626.057251 0.000000 0.946382 0.000000 0.323051 0.700756 0.700756 0.700756
4720.732422 0.000000 623.878540 0.000000 0.976698 0.000000 -0.214617 0.775211 0.775211 0.775211
4723.709473 0.000000 611.366882 0.000000 0.829181 0.000000 0.558981 0.707518 0.707518 0.707518
4713.557617 0.000000 622.609009 0.000000 0.807773 0.000000 0.589494 0.695641 0.695641 0.695641
4717.523438 0.000000 613.725586 0.000000 0.321016 0.000000 -0.947074 0.841890 0.841890 0.841890
4707.437012 0.000000 616.005432 0.000000 0.763960 0.000000 -0.645263 0.827022 0.827022 0.827022
4708.807617 0.000000 627.288452 0.000000 0.936513 0.000000 -0.350633 0.805440 0.805440 0.805440
4721.734863 0.000000 622.978333 0.000000 0.842201 0.000000 0.539164 0.683627 0.683627 0.683627
4713.849609 0.000000 623.998535 0.000000 0.163203 0.000000 0.986593 0.628694 0.628694 0.628694
4703.945312 0.000000 619.896240 0.000000 0.828682 0.000000 0.559720 0.669747 0.669747 0.669747
4712.316895 0.000000 617.632141 0.000000 0.998667 0.000000 -0.051622 0.757122 0.757122 0.757122
4730.599609 0.000000 614.446838 0.000000 0.913547 0.000000 -0.406733 0.800000 0.800000 0.800000
4709.141113 0.000000 615.499695 0.000000 0.227007 0.000000 0.973893 0.592096 0.592096 0.592096
4704.569336 0.000000 618.405945 0.000000 0.531547 0.000000 -0.847029 0.876847 0.876847 0.876847
4730.699219 0.000000 612.432434 0.000000 0.986870 0.000000 0.161519 0.730453 0.730453 0.730453
4716.614746 0.000000 612.292969 0.000000 0.423572 0.000000 0.905862 0.666279 0.666279 0.666279
4718.645996 0.000000 611.559448 0.000000 0.940115 0.000000 0.340858 0.702619 0.702619 0.702619
4729.407227 0.000000 614.729004 0.000000 0.115684 0.000000 0.993286 0.645804 0.645804 0.645804
4723.546875 0.000000 610.105835 0.000000 0.146621 0.000000 -0.989193 0.851961 0.851961 0.851961
4712.374023 0.000000 622.214233 0.000000 0.233505 0.000000 -0.972356 0.865120 0.865120 0.865120
4710.397461 0.000000 625.286987 0.000000 0.538032 0.000000 -0.842925 0.896723 0.896723 0.896723
4719.603516 0.000000 610.406677 0.000000 0.928095 0.000000 -0.372342 0.801971 0.801971 0.801971
4722.542480 0.000000 611.736755 0.000000 0.954078 0.000000 -0.299559 0.771789 0.771789 0.771789
4710.177734 0.000000 627.802734 0.000000 0.857255 0.000000 -0.514893 0.805144 0.805144 0.805144
4703.540527 0.000000 627.354919 0.000000 0.919833 0.000000 -0.392311 0.806953 0.806953 0.806953
4711.105469 0.000000 626.685181 0.000000 0.122253 0.000000 0.992499 0.602348 0.602348 0.602348
4728.036621 0.000000 616.200562 0.000000 0.991967 0.000000 -0.126493 0.759084 0.759084 0.759084
4714.805176 0.000000 620.933960 0.000000 0.758669 0.000000 0.651476 0.661719 0.661719 0.661719
4729.954590 0.000000 616.898682 0.000000 0.463859 0.000000 -0.885909 0.827955 0.827955 0.827955
4719.726074 0.000000 623.555420 0.000000 0.858511 0.000000 0.512795 0.702061 0.702061 0.702061
4735.397949 0.000000 611.048035 0.000000 0.981697 0.000000 0.190448 0.735200 0.735200 0.735200
4718.011230 0.000000 623.873901 0.000000 0.689490 0.000000 -0.724295 0.822118 0.822118 0.822118
4706.091309 0.000000 617.522949 0.000000 0.207408 0.000000 0.978255 0.600443 0.600443 0.600443
4723.847656 0.000000 623.803528 0.000000 0.987294 0.000000 0.158902 0.733641 0.733641 0.733641
4707.778809 0.000000 628.824890 0.000000 0.957285 0.000000 0.289144 0.719929 0.719929 0.719929
4728.702637 0.000000 614.069214 0.000000 0.893197 0.000000 -0.449666 0.783403 0.783403 0.783403
4708.782715 0.000000 614.245605 0.000000 0.254253 0.000000 0.967138 0.595400 0.595400 0.595400
4714.651855 0.000000 619.082031 0.000000 0.872475 0.000000 0.488659 0.691638 0.691638 0.691638
4720.743652 0.000000 611.903381 0.000000 0.989748 0.000000 0.142823 0.733215 0.733215 0.733215
4729.224609 0.000000 617.752441 0.000000 0.576756 0.000000 0.816917 0.681528 0.681528 0.681528
4723.256836 0.000000 622.498962 0.000000 0.634847 0.000000 0.772638 0.659481 0.659481 0.659481
4722.104980 0.000000 623.826904 0.000000 0.502267 0.000000 -0.864713 0.857084 0.857084 0.857084
4722.036621 0.000000 622.147034 0.000000 0.918987 0.000000 0.394287 0.708452 0.708452 0.708452
4716.952148 0.000000 613.078735 0.000000 0.221810 0.000000 0.975090 0.650492 0.650492 0.650492
4735.153320 0.000000 610.187683 0.000000 0.154367 0.000000 -0.988014 0.859353 0.859353 0.859353
4719.776855 0.000000 622.245300 0.000000 0.831425 0.000000 0.555636 0.697548 0.697548 0.697548
4766.113281 0.000000 573.753662 0.000000 0.961670 0.000000 -0.274208 0.794858 0.794858 0.794858
4760.698242 0.000000 574.101013 0.000000 0.262718 0.000000 -0.964873 1.019387 1.019387 1.019387
4767.166992 0.000000 565.493042 0.000000 0.872188 0.000000 -0.489171 0.842596 0.842596 0.842596
4763.100098 0.000000 575.205383 0.000000 0.981651 0.000000 -0.190686 0.785511 0.785511 0.785511
4764.880859 0.000000 575.291748 0.000000 0.956237 0.000000 -0.292592 0.789280 0.789280 0.789280
4767.383789 0.000000 567.382263 0.000000 0.978824 0.000000 0.204703 0.718443 0.718443 0.718443
4764.961426 0.000000 572.592224 0.000000 0.841814 0.000000 0.539768 0.663046 0.663046 0.663046
4766.690430 0.000000 572.139954 0.000000 0.139232 0.000000 -0.990260 0.981118 0.981118 0.981118
4764.036621 0.000000 573.993469 0.000000 0.107716 0.000000 -0.994182 0.973099 0.973099 0.973099
4765.106445 0.000000 574.242065 0.000000 0.999504 0.000000 -0.031497 0.754167 0.754167 0.754167
4771.593262 0.000000 573.844116 0.000000 0.874608 0.000000 -0.484830 0.800184 0.800184 0.800184
4786.293457 0.000000 550.284790 0.000000 0.997557 0.000000 -0.069851 0.758345 0.758345 0.758345
4770.910156 0.000000 565.359253 0.000000 0.600163 0.000000 -0.799878 0.865350 0.865350 0.865350
4775.444336 0.000000 561.667969 0.000000 0.701808 0.000000 0.712367 0.593452 0.593452 0.593452
4782.237305 0.000000 550.865540 0.000000 0.134940 0.000000 -0.990854 1.006814 1.006814 1.006814
4767.483398 0.000000 573.424316 0.000000 0.992315 0.000000 0.123738 0.729965 0.729965 0.729965
4784.553711 0.000000 558.525574 0.000000 0.879353 0.000000 0.476170 0.651730 0.651730 0.651730
4772.128906 0.000000 562.145569 0.000000 0.970811 0.000000 -0.239846 0.783537 0.783537 0.783537
4788.849121 0.000000 548.121704 0.000000 0.135685 0.000000 -0.990752 0.967190 0.967190 0.967190
4780.694336 0.000000 561.879578 0.000000 0.915068 0.000000 -0.403300 0.828000 0.828000 0.828000
4767.739746 0.000000 565.804321 0.000000 0.806119 0.000000 0.591753 0.635286 0.635286 0.635286
4769.622070 0.000000 571.462891 0.000000 0.987677 0.000000 -0.156507 0.767876 0.767876 0.767876
4780.460938 0.000000 553.343079 0.000000 0.656371 0.000000 -0.754439 0.908693 0.908693 0.908693
4784.932129 0.000000 552.871765 0.000000 0.636174 0.000000 -0.771546 0.890341 0.890341 0.890341
4786.538574 0.000000 546.648987 0.000000 0.678587 0.000000 -0.734520 0.917055 0.917055 0.917055
4787.778809 0.000000 552.473450 0.000000 0.041983 0.000000 0.999118 0.470473 0.470473 0.470473
4782.873535 0.000000 560.404663 0.000000 0.986863 0.000000 -0.161559 0.769005 0.769005 0.769005
4773.289062 0.000000 564.540710 0.000000 0.379419 0.000000 -0.925225 0.938173 0.938173 0.938173
4772.109863 0.000000 571.397583 0.000000 0.983543 0.000000 0.180673 0.732805 0.732805 0.732805
4785.802734 0.000000 560.679871 0.000000 0.225689 0.000000 0.974199 0.487065 0.487065 0.487065
4769.576172 0.000000 567.165161 0.000000 0.533137 0.000000 -0.846029 0.930428 0.930428 0.930428
4775.374023 0.000000 563.848145 0.000000 0.546007 0.000000 0.837780 0.667151 0.667151 0.667151
4769.625977 0.000000 574.746033 0.000000 0.999658 0.000000 -0.026143 0.754223 0.754223 0.754223
4780.215820 0.000000 551.377625 0.000000 0.996822 0.000000 0.079659 0.739630 0.739630 0.739630
4767.449707 0.000000 571.360901 0.000000 0.802543 0.000000 -0.596594 0.864368 0.864368 0.864368
4773.946289 0.000000 562.732849 0.000000 0.257497 0.000000 -0.966279 0.931439 0.931439 0.931439
4768.399414 0.000000 564.083496 0.000000 0.349430 0.000000 0.936962 0.629655 0.629655 0.629655
4773.164062 0.000000 573.018250 0.000000 0.875617 0.000000 0.483006 0.667460 0.667460 0.667460
4771.639648 0.000000 563.848450 0.000000 0.084920 0.000000 0.996388 0.486686 0.486686 0.486686
4772.737793 0.000000 569.791992 0.000000 0.688708 0.000000 -0.725039 0.864130 0.864130 0.864130
4770.018555 0.000000 573.101562 0.000000 0.991684 0.000000 -0.128700 0.762795 0.762795 0.762795
4782.965820 0.000000 558.796631 0.000000 0.989360 0.000000 0.145490 0.726502 0.726502 0.726502
4787.250977 0.000000 548.688538 0.000000 0.423672 0.000000 0.905816 0.600717 0.600717 0.600717
4786.199707 0.000000 551.907043 0.000000 0.987006 0.000000 0.160681 0.730737 0.730737 0.730737
4768.042480 0.000000 567.471802 0.000000 0.469466 0.000000 0.882951 0.556401 0.556401 0.556401
4771.004883 0.000000 575.410706 0.000000 0.973695 0.000000 -0.227857 0.787124 0.787124 0.787124
4776.588379 0.000000 562.921387 0.000000 0.982061 0.000000 0.188565 0.720643 0.720643 0.720643
4784.204102 0.000000 551.565063 0.000000 0.899970 0.000000 -0.435953 0.825637 0.825637 0.825637
4769.218262 0.000000 565.725098 0.000000 0.371799 0.000000 -0.928313 0.867967 0.867967 0.867967
4773.839844 0.000000 565.910217 0.000000 0.464255 0.000000 0.885702 0.576737 0.576737 0.576737
4772.359863 0.000000 565.620605 0.000000 0.324006 0.000000 0.946055 0.552399 0.552399 0.552399
4768.615234 0.000000 572.536255 0.000000 0.135902 0.000000 -0.990722 0.969574 0.969574 0.969574
4773.583496 0.000000 571.670166 0.000000 0.714555 0.000000 -0.699580 0.823336 0.823336 0.823336
4768.247070 0.000000 570.220947 0.000000 0.375996 0.000000 0.926621 0.615171 0.615171 0.615171
4771.327148 0.000000 572.490234 0.000000 0.987754 0.000000 0.156022 0.734468 0.734468 0.734468
4769.847656 0.000000 564.519592 0.000000 0.488464 0.000000 -0.872584 0.855139 0.855139 0.855139
4772.265625 0.000000 568.290588 0.000000 0.989819 0.000000 -0.142332 0.770096 0.770096 0.770096
4772.799805 0.000000 563.304077 0.000000 0.615015 0.000000 -0.788515 0.875780 0.875780 0.875780
4787.416504 0.000000 551.242004 0.000000 0.183156 0.000000 0.983084 0.584487 0.584487 0.584487
4789.221680 0.000000 549.483215 0.000000 0.457235 0.000000 0.889346 0.584096 0.584096 0.584096
4783.177734 0.000000 561.773315 0.000000 0.893382 0.000000 0.449299 0.695425 0.695425 0.695425
4774.169922 0.000000 563.818359 0.000000 0.969186 0.000000 -0.246330 0.770761 0.770761 0.770761
4775.097656 0.000000 562.700806 0.000000 0.712505 0.000000 0.701667 0.685125 0.685125 0.685125
4768.523926 0.000000 571.258850 0.000000 0.801779 0.000000 -0.597620 0.822860 0.822860 0.822860
4781.166992 0.000000 550.758667 0.000000 0.184461 0.000000 0.982840 0.569861 0.569861 0.569861
4772.963867 0.000000 570.830811 0.000000 0.942476 0.000000 0.334273 0.717740 0.717740 0.717740
4786.304688 0.000000 549.219727 0.000000 0.704738 0.000000 -0.709468 0.853896 0.853896 0.853896
4787.201660 0.000000 549.768494 0.000000 0.710278 0.000000 -0.703921 0.852864 0.852864 0.852864
4768.455078 0.000000 565.076904 0.000000 0.724018 0.000000 0.689781 0.674533 0.674533 0.674533
4771.770996 0.000000 564.840515 0.000000 0.723692 0.000000 -0.690124 0.844767 0.844767 0.844767
4769.167969 0.000000 570.522400 0.000000 0.847055 0.000000 0.531505 0.686258 0.686258 0.686258
4782.258301 0.000000 561.574280 0.000000 0.960823 0.000000 0.277161 0.717108 0.717108 0.717108
4770.104492 0.000000 572.228943 0.000000 0.706820 0.000000 -0.707394 0.827908 0.827908 0.827908
4770.921387 0.000000 573.291382 0.000000 0.526365 0.000000 -0.850258 0.850778 0.850778 0.850778
4774.505371 0.000000 562.125488 0.000000 0.885174 0.000000 0.465261 0.709633 0.709633 0.709633
4775.846680 0.000000 562.394409 0.000000 0.894228 0.000000 0.447612 0.711287 0.711287 0.711287
4758.917480 0.000000 585.562561 0.000000 0.974976 0.000000 0.222310 0.727270 0.727270 0.727270
4751.888184 0.000000 594.755554 0.000000 0.078830 0.000000 0.996888 0.553483 0.553483 0.553483
4750.917480 0.000000 586.895935 0.000000 0.114746 0.000000 -0.993395 0.942581 0.942581 0.942581
4743.306152 0.000000 598.053406 0.000000 0.911009 0.000000 0.412387 0.677771 0.677771 0.677771
4739.597168 0.000000 605.836304 0.000000 0.147840 0.000000 0.989011 0.561835 0.561835 0.561835
4747.738281 0.000000 596.868286 0.000000 0.796710 0.000000 0.604362 0.614938 0.614938 0.614938
4760.682617 0.000000 576.024658 0.000000 0.779429 0.000000 0.626491 0.649788 0.649788 0.649788
4762.790527 0.000000 583.661072 0.000000 0.423126 0.000000 -0.906071 0.905732 0.905732 0.905732
4755.171875 0.000000 587.172119 0.000000 0.269048 0.000000 0.963127 0.529375 0.529375 0.529375
4735.487305 0.000000 605.416504 0.000000 0.238863 0.000000 0.971053 0.516604 0.516604 0.516604
4746.519531 0.000000 601.406250 0.000000 0.953252 0.000000 -0.302176 0.784228 0.784228 0.784228
4752.557617 0.000000 590.517761 0.000000 0.530673 0.000000 0.847577 0.616206 0.616206 0.616206
4765.531250 0.000000 580.819214 0.000000 0.308172 0.000000 0.951330 0.585060 0.585060 0.585060
4739.184570 0.000000 600.970276 0.000000 0.019887 0.000000 -0.999802 1.002207 1.002207 1.002207
4748.698242 0.000000 593.871765 0.000000 0.517470 0.000000 -0.855702 0.957373 0.957373 0.957373
4749.661621 0.000000 589.700684 0.000000 0.463348 0.000000 0.886176 0.644476 0.644476 0.644476
4752.936035 0.000000 584.863953 0.000000 0.518436 0.000000 -0.855117 0.939859 0.939859 0.939859
4748.436523 0.000000 599.401978 0.000000 0.289164 0.000000 0.957280 0.594646 0.594646 0.594646
4755.782715 0.000000 584.465637 0.000000 0.493418 0.000000 -0.869792 0.894273 0.894273 0.894273
4750.877441 0.000000 592.396851 0.000000 0.412659 0.000000 0.910885 0.619066 0.619066 0.619066
4741.292969 0.000000 596.532898 0.000000 0.821244 0.000000 0.570577 0.630791 0.630791 0.630791
4740.809082 0.000000 599.058289 0.000000 0.511148 0.000000 -0.859493 0.849057 0.849057 0.849057
4760.311523 0.000000 583.117737 0.000000 0.894513 0.000000 0.447043 0.665521 0.665521 0.665521
4740.113770 0.000000 603.389771 0.000000 0.262752 0.000000 -0.964863 0.902832 0.902832 0.902832
4753.806641 0.000000 592.672058 0.000000 0.794544 0.000000 -0.607207 0.846952 0.846952 0.846952
4744.659180 0.000000 603.243591 0.000000 0.720628 0.000000 0.693322 0.619825 0.619825 0.619825
4750.167969 0.000000 596.564026 0.000000 0.864445 0.000000 0.502727 0.651321 0.651321 0.651321
4745.424316 0.000000 596.627380 0.000000 0.854771 0.000000 -0.519005 0.816976 0.816976 0.816976
4765.220703 0.000000 582.981934 0.000000 0.508229 0.000000 -0.861222 0.923408 0.923408 0.923408
4763.394043 0.000000 581.415405 0.000000 0.800911 0.000000 0.598784 0.626850 0.626850 0.626850
4746.848145 0.000000 603.504150 0.000000 0.901305 0.000000 0.433185 0.700548 0.700548 0.700548
4748.566406 0.000000 601.867432 0.000000 0.706922 0.000000 -0.707291 0.886148 0.886148 0.886148
4762.625977 0.000000 576.677551 0.000000 0.940064 0.000000 0.340997 0.705140 0.705140 0.705140
4757.062012 0.000000 586.502930 0.000000 0.918287 0.000000 -0.395914 0.816653 0.816653 0.816653
4741.376953 0.000000 606.993286 0.000000 0.450700 0.000000 0.892675 0.542084 0.542084 0.542084
4735.453613 0.000000 603.353088 0.000000 0.991198 0.000000 0.132387 0.732361 0.732361 0.732361
4760.648438 0.000000 585.074707 0.000000 0.999568 0.000000 0.029388 0.746508 0.746508 0.746508
4741.167969 0.000000 605.010437 0.000000 0.932531 0.000000 0.361091 0.693035 0.693035 0.693035
4753.530273 0.000000 586.520020 0.000000 0.170620 0.000000 -0.985337 1.005856 1.005856 1.005856
4751.182617 0.000000 588.740723 0.000000 0.505454 0.000000 0.862854 0.588333 0.588333 0.588333
4754.946777 0.000000 591.341431 0.000000 0.969296 0.000000 0.245897 0.717134 0.717134 0.717134
4740.741699 0.000000 601.784180 0.000000 0.589719 0.000000 0.807609 0.614022 0.614022 0.614022
4738.022461 0.000000 605.093750 0.000000 0.322493 0.000000 -0.946572 0.914356 0.914356 0.914356
4750.244141 0.000000 594.553284 0.000000 0.487815 0.000000 0.872947 0.610213 0.610213 0.610213
4748.836426 0.000000 595.562683 0.000000 0.875741 0.000000 -0.482781 0.828536 0.828536 0.828536
4757.538086 0.000000 584.589539 0.000000 0.113917 0.000000 -0.993490 0.912417 0.912417 0.912417
4752.296875 0.000000 593.200073 0.000000 0.858516 0.000000 -0.512787 0.829997 0.829997 0.829997
4759.005859 0.000000 587.217285 0.000000 0.717868 0.000000 -0.696179 0.842784 0.842784 0.842784
4748.987305 0.000000 597.900879 0.000000 0.135390 0.000000 0.990792 0.565008 0.565008 0.565008
4747.148926 0.000000 598.350159 0.000000 0.387447 0.000000 0.921892 0.548058 0.548058 0.548058
4739.008789 0.000000 607.402893 0.000000 0.076104 0.000000 -0.997100 0.923370 0.923370 0.923370
4754.694824 0.000000 585.528992 0.000000 0.638517 0.000000 -0.769608 0.870123 0.870123 0.870123
4747.038574 0.000000 600.015686 0.000000 0.834110 0.000000 -0.551598 0.815148 0.815148 0.815148
4742.483398 0.000000 599.227905 0.000000 0.958823 0.000000 -0.284003 0.798932 0.798932 0.798932
4763.508301 0.000000 577.854553 0.000000 0.999816 0.000000 0.019188 0.747526 0.747526 0.747526
4764.129395 0.000000 575.864441 0.000000 0.071396 0.000000 -0.997448 0.948341 0.948341 0.948341
4748.830078 0.000000 588.616455 0.000000 0.802068 0.000000 0.597232 0.687981 0.687981 0.687981
4763.850586 0.000000 582.755737 0.000000 0.973667 0.000000 -0.227977 0.781588 0.781588 0.781588
4741.587402 0.000000 603.662354 0.000000 0.896877 0.000000 -0.442280 0.803657 0.803657 0.803657
4744.741211 0.000000 597.997498 0.000000 0.255549 0.000000 0.966796 0.588923 0.588923 0.588923
4739.331055 0.000000 604.482422 0.000000 0.893723 0.000000 0.448619 0.688458 0.688458 0.688458
4752.728516 0.000000 591.886353 0.000000 0.156948 0.000000 -0.987607 0.936946 0.936946 0.936946
4750.073242 0.000000 588.030273 0.000000 0.962918 0.000000 -0.269796 0.792429 0.792429 0.792429
4740.269531 0.000000 600.282776 0.000000 0.918095 0.000000 -0.396361 0.808949 0.808949 0.808949
4742.540039 0.000000 596.852844 0.000000 0.885022 0.000000 0.465549 0.691924 0.691924 0.691924
4753.730957 0.000000 590.986145 0.000000 0.088950 0.000000 0.996036 0.553988 0.553988 0.553988
4743.981934 0.000000 596.982666 0.000000 0.259154 0.000000 0.965836 0.593056 0.593056 0.593056
4747.398438 0.000000 602.358704 0.000000 0.609852 0.000000 -0.792515 0.850988 0.850988 0.850988
4764.612793 0.000000 581.732849 0.000000 0.551402 0.000000 0.834239 0.620575 0.620575 0.620575
4751.030762 0.000000 595.643921 0.000000 0.155453 0.000000 0.987843 0.563649 0.563649 0.563649
4762.251953 0.000000 577.974304 0.000000 0.266140 0.000000 0.963934 0.582228 0.582228 0.582228
4761.438965 0.000000 577.018738 0.000000 0.524608 0.000000 -0.851344 0.900759 0.900759 0.900759
4751.181641 0.000000 593.765503 0.000000 0.948155 0.000000 0.317809 0.713030 0.713030 0.713030
4762.595703 0.000000 582.454651 0.000000 0.741184 0.000000 0.671301 0.648922 0.648922 0.648922
4756.737305 0.000000 585.370667 0.000000 0.030827 0.000000 0.999525 0.578291 0.578291 0.578291
4748.891602 0.000000 596.812317 0.000000 0.481577 0.000000 0.876404 0.612274 0.612274 0.612274
4758.128418 0.000000 586.349609 0.000000 0.557129 0.000000 0.830426 0.631936 0.631936 0.631936
4760.032715 0.000000 584.208374 0.000000 0.070022 0.000000 0.997545 0.571708 0.571708 0.571708
4738.619629 0.000000 606.377625 0.000000 0.957925 0.000000 -0.287018 0.783768 0.783768 0.783768
4761.950684 0.000000 584.906494 0.000000 0.551543 0.000000 0.834146 0.632789 0.632789 0.632789
4765.687012 0.000000 581.854919 0.000000 0.628766 0.000000 0.777594 0.633156 0.633156 0.633156
4740.967773 0.000000 602.822998 0.000000 0.131561 0.000000 -0.991308 0.918517 0.918517 0.918517
4763.768066 0.000000 576.815247 0.000000 0.988562 0.000000 -0.150817 0.769517 0.769517 0.769517
4745.747070 0.000000 597.870300 0.000000 0.819612 0.000000 -0.572919 0.824877 0.824877 0.824877
4749.315918 0.000000 598.869019 0.000000 0.203694 0.000000 0.979035 0.583917 0.583917 0.583917
4758.050781 0.000000 587.484314 0.000000 0.576442 0.000000 0.817138 0.634760 0.634760 0.634760
4750.262207 0.000000 593.566467 0.000000 0.937765 0.000000 -0.347271 0.790541 0.790541 0.790541
4757.750977 0.000000 585.475586 0.000000 0.622021 0.000000 0.783001 0.649707 0.649707 0.649707
4759.878418 0.000000 585.625977 0.000000 0.955961 0.000000 -0.293494 0.780202 0.780202 0.780202
4758.432617 0.000000 584.799744 0.000000 0.050925 0.000000 -0.998702 0.904099 0.904099 0.904099
4741.683105 0.000000 598.806580 0.000000 0.941986 0.000000 0.335651 0.717217 0.717217 0.717217
4748.566895 0.000000 589.494751 0.000000 0.399548 0.000000 0.916712 0.637621 0.637621 0.637621
4740.049316 0.000000 599.453979 0.000000 0.883527 0.000000 0.468380 0.703314 0.703314 0.703314
4741.031738 0.000000 598.195923 0.000000 0.743615 0.000000 -0.668608 0.820139 0.820139 0.820139
4736.871094 0.000000 608.116638 0.000000 0.503399 0.000000 -0.864054 0.963021 0.963021 0.963021
4742.762695 0.000000 608.320129 0.000000 0.333330 0.000000 -0.942810 0.914913 0.914913 0.914913
4735.568848 0.000000 612.069214 0.000000 0.998310 0.000000 0.058115 0.739238 0.739238 0.739238
4739.769531 0.000000 610.821472 0.000000 0.371745 0.000000 0.928335 0.607297 0.607297 0.607297
4738.107910 0.000000 613.008911 0.000000 0.812771 0.000000 -0.582583 0.847291 0.847291 0.847291
4740.201660 0.000000 608.229431 0.000000 0.884860 0.000000 -0.465856 0.816011 0.816011 0.816011
4735.497559 0.000000 609.948608 0.000000 0.999003 0.000000 0.044654 0.741306 0.741306 0.741306
4738.511719 0.000000 608.853455 0.000000 0.485884 0.000000 0.874023 0.634413 0.634413 0.634413
4740.920410 0.000000 609.674255 0.000000 0.951711 0.000000 0.306995 0.707495 0.707495 0.707495
4743.524902 0.000000 609.698853 0.000000 0.478012 0.000000 -0.878353 0.893671 0.893671 0.893671
4739.528320 0.000000 612.334778 0.000000 0.427767 0.000000 -0.903889 0.926586 0.926586 0.926586
4738.481934 0.000000 611.419800 0.000000 0.762308 0.000000 -0.647214 0.834420 0.834420 0.834420
4741.046387 0.000000 611.364807 0.000000 0.081883 0.000000 -0.996642 0.947786 0.947786 0.947786
4739.669922 0.000000 609.375549 0.000000 0.770650 0.000000 0.637259 0.674900 0.674900 0.674900
4742.097168 0.000000 609.438965 0.000000 0.823064 0.000000 0.567949 0.669080 0.669080 0.669080
4738.678223 0.000000 610.030151 0.000000 0.662064 0.000000 0.749448 0.648394 0.648394 0.648394
4739.195312 0.000000 607.984009 0.000000 0.647633 0.000000 -0.761953 0.850490 0.850490 0.850490
4743.848633 0.000000 608.676636 0.000000 0.997271 0.000000 -0.073826 0.759900 0.759900 0.759900
4623.903809 0.000000 658.739929 0.000000 0.070007 0.000000 -0.997546 0.909748 0.909748 0.909748
4635.871094 0.000000 656.948425 0.000000 0.425063 0.000000 0.905164 0.541160 0.541160 0.541160
4628.680176 0.000000 655.247314 0.000000 0.657354 0.000000 0.753582 0.582440 0.582440 0.582440
4632.656738 0.000000 654.549927 0.000000 0.711264 0.000000 0.702925 0.625428 0.625428 0.625428
4624.573242 0.000000 654.502136 0.000000 0.751617 0.000000 0.659600 0.641769 0.641769 0.641769
4632.767578 0.000000 658.389038 0.000000 0.846199 0.000000 0.532867 0.660820 0.660820 0.660820
4637.909180 0.000000 654.112366 0.000000 0.182814 0.000000 0.983147 0.614050 0.614050 0.614050
4639.182617 0.000000 661.469604 0.000000 0.776336 0.000000 -0.630319 0.817996 0.817996 0.817996
4630.113770 0.000000 652.540344 0.000000 0.835077 0.000000 0.550133 0.650362 0.650362 0.650362
4638.452637 0.000000 651.252747 0.000000 0.627322 0.000000 0.778760 0.637426 0.637426 0.637426
4638.323242 0.000000 658.586914 0.000000 0.981800 0.000000 -0.189915 0.776028 0.776028 0.776028
4630.150391 0.000000 657.584412 0.000000 0.343578 0.000000 -0.939124 0.953889 0.953889 0.953889
4637.546875 0.000000 667.057617 0.000000 0.974058 0.000000 -0.226300 0.789943 0.789943 0.789943
4622.893066 0.000000 656.381226 0.000000 0.777049 0.000000 0.629440 0.649992 0.649992 0.649992
4635.331055 0.000000 654.194824 0.000000 0.393256 0.000000 0.919429 0.610744 0.610744 0.610744
4625.822266 0.000000 656.656433 0.000000 0.450312 0.000000 0.892871 0.607098 0.607098 0.607098
4622.183594 0.000000 660.548401 0.000000 0.960188 0.000000 -0.279354 0.796041 0.796041 0.796041
4639.334473 0.000000 655.970093 0.000000 0.093925 0.000000 0.995579 0.555479 0.555479 0.555479
4630.801758 0.000000 655.533997 0.000000 0.865154 0.000000 0.501506 0.690833 0.690833 0.690833
4633.693848 0.000000 656.556946 0.000000 0.267013 0.000000 0.963693 0.620332 0.620332 0.620332
4625.621582 0.000000 659.618530 0.000000 0.428752 0.000000 0.903422 0.540012 0.540012 0.540012
4634.141602 0.000000 652.862732 0.000000 0.738810 0.000000 -0.673914 0.856132 0.856132 0.856132
4631.128418 0.000000 659.198181 0.000000 0.759970 0.000000 -0.649958 0.811801 0.811801 0.811801
4631.936035 0.000000 656.833374 0.000000 0.142328 0.000000 -0.989820 0.988634 0.988634 0.988634
4627.788086 0.000000 656.784668 0.000000 0.957429 0.000000 0.288670 0.717842 0.717842 0.717842
4637.128906 0.000000 652.537109 0.000000 0.978187 0.000000 0.207726 0.728431 0.728431 0.728431
4631.563965 0.000000 653.324280 0.000000 0.055575 0.000000 0.998455 0.490834 0.490834 0.490834
4622.259766 0.000000 658.537659 0.000000 0.166596 0.000000 0.986025 0.600611 0.600611 0.600611
4636.551758 0.000000 655.373413 0.000000 0.903790 0.000000 0.427976 0.706650 0.706650 0.706650
4639.399414 0.000000 663.358826 0.000000 0.160789 0.000000 0.986989 0.557236 0.557236 0.557236
4624.312500 0.000000 657.184448 0.000000 0.957826 0.000000 -0.287348 0.787737 0.787737 0.787737
4628.959473 0.000000 658.592163 0.000000 0.470158 0.000000 0.882582 0.558363 0.558363 0.558363
4638.882324 0.000000 665.859985 0.000000 0.972878 0.000000 0.231320 0.713219 0.713219 0.713219
4638.937500 0.000000 652.722107 0.000000 0.656661 0.000000 0.754186 0.607697 0.607697 0.607697
4634.979492 0.000000 655.729309 0.000000 0.391647 0.000000 0.920116 0.610535 0.610535 0.610535
4638.953125 0.000000 660.030090 0.000000 0.255705 0.000000 0.966755 0.619164 0.619164 0.619164
4629.165039 0.000000 656.568726 0.000000 0.633269 0.000000 0.773932 0.661261 0.661261 0.661261
4634.069824 0.000000 654.633240 0.000000 0.201282 0.000000 -0.979533 0.913308 0.913308 0.913308
4638.789062 0.000000 657.277588 0.000000 0.980505 0.000000 0.196495 0.735835 0.735835 0.735835
4633.552734 0.000000 659.441406 0.000000 0.351845 0.000000 -0.936058 0.942210 0.942210 0.942210
4624.744141 0.000000 655.870728 0.000000 0.942352 0.000000 -0.334623 0.801270 0.801270 0.801270
4636.576660 0.000000 653.759766 0.000000 0.417223 0.000000 -0.908804 0.867549 0.867549 0.867549
4632.828613 0.000000 653.102356 0.000000 0.961928 0.000000 0.273303 0.709337 0.709337 0.709337
4622.925293 0.000000 661.658813 0.000000 0.986930 0.000000 0.161151 0.723679 0.723679 0.723679
4639.206055 0.000000 654.279419 0.000000 0.724586 0.000000 0.689185 0.649842 0.649842 0.649842
4625.746582 0.000000 654.970520 0.000000 0.979931 0.000000 0.199336 0.719846 0.719846 0.719846
4635.502441 0.000000 652.969177 0.000000 0.748447 0.000000 -0.663194 0.854063 0.854063 0.854063
4638.109375 0.000000 655.414490 0.000000 0.609296 0.000000 -0.792943 0.870610 0.870610 0.870610
4623.046387 0.000000 659.628296 0.000000 0.585559 0.000000 -0.810630 0.850616 0.850616 0.850616
4623.197266 0.000000 657.749878 0.000000 0.314565 0.000000 -0.949236 0.933730 0.933730 0.933730
4626.780762 0.000000 657.411499 0.000000 0.364735 0.000000 -0.931111 0.881500 0.881500 0.881500
4630.931152 0.000000 654.356445 0.000000 0.156712 0.000000 0.987644 0.590811 0.590811 0.590811
4638.645996 0.000000 662.442810 0.000000 0.947017 0.000000 0.321184 0.705276 0.705276 0.705276
4638.637207 0.000000 666.930298 0.000000 0.844192 0.000000 0.536040 0.686283 0.686283 0.686283
4628.576172 0.000000 657.550537 0.000000 0.083669 0.000000 -0.996494 0.899101 0.899101 0.899101
4638.138672 0.000000 663.495056 0.000000 0.938198 0.000000 0.346099 0.701661 0.701661 0.701661
4630.222168 0.000000 658.631775 0.000000 0.163199 0.000000 -0.986593 0.872887 0.872887 0.872887
4638.327148 0.000000 660.876770 0.000000 0.915685 0.000000 -0.401898 0.791237 0.791237 0.791237
4631.793457 0.000000 655.157043 0.000000 0.685069 0.000000 0.728478 0.658087 0.658087 0.658087
4639.083008 0.000000 650.289429 0.000000 0.926737 0.000000 -0.375711 0.798572 0.798572 0.798572
4632.874023 0.000000 657.313721 0.000000 0.422581 0.000000 -0.906325 0.863117 0.863117 0.863117
4626.854004 0.000000 656.348511 0.000000 0.993680 0.000000 -0.112252 0.762353 0.762353 0.762353
4634.012207 0.000000 655.614563 0.000000 0.292566 0.000000 -0.956245 0.902059 0.902059 0.902059
4637.093262 0.000000 654.616089 0.000000 0.047546 0.000000 -0.998869 0.899308 0.899308 0.899308
4638.560059 0.000000 656.411682 0.000000 0.998801 0.000000 -0.048955 0.753507 0.753507 0.753507
4638.030273 0.000000 661.714294 0.000000 0.953341 0.000000 -0.301896 0.780578 0.780578 0.780578
4630.588867 0.000000 659.861511 0.000000 0.514323 0.000000 0.857597 0.659981 0.659981 0.659981
4644.849609 0.000000 654.466064 0.000000 0.502232 0.000000 0.864733 0.528488 0.528488 0.528488
4651.696289 0.000000 643.624512 0.000000 0.375575 0.000000 -0.926792 0.995450 0.995450 0.995450
4639.659180 0.000000 664.943970 0.000000 0.871298 0.000000 -0.490754 0.830823 0.830823 0.830823
4660.407715 0.000000 640.528015 0.000000 0.170918 0.000000 -0.985285 0.942931 0.942931 0.942931
4644.080078 0.000000 646.870178 0.000000 0.239900 0.000000 -0.970798 0.985448 0.985448 0.985448
4662.277344 0.000000 660.746704 0.000000 0.993960 0.000000 -0.109743 0.764238 0.764238 0.764238
4639.721191 0.000000 658.212708 0.000000 0.502925 0.000000 0.864330 0.607813 0.607813 0.607813
4654.585449 0.000000 665.079102 0.000000 0.273288 0.000000 0.961932 0.599903 0.599903 0.599903
4650.849121 0.000000 655.222107 0.000000 0.163037 0.000000 -0.986620 0.909258 0.909258 0.909258
4649.439453 0.000000 649.023010 0.000000 0.957437 0.000000 -0.288642 0.785774 0.785774 0.785774
4660.676270 0.000000 655.247314 0.000000 0.991716 0.000000 -0.128450 0.771670 0.771670 0.771670
4658.309082 0.000000 646.261353 0.000000 0.753625 0.000000 -0.657304 0.869859 0.869859 0.869859
4667.624023 0.000000 651.706604 0.000000 0.776851 0.000000 0.629685 0.616658 0.616658 0.616658
4639.756348 0.000000 653.146973 0.000000 0.138994 0.000000 -0.990293 0.988393 0.988393 0.988393
4658.898926 0.000000 664.094482 0.000000 0.442765 0.000000 -0.896638 0.899616 0.899616 0.899616
4646.412109 0.000000 666.468323 0.000000 0.860430 0.000000 -0.509569 0.860977 0.860977 0.860977
4647.459961 0.000000 657.644531 0.000000 0.814274 0.000000 -0.580480 0.818707 0.818707 0.818707
4664.694336 0.000000 640.009033 0.000000 0.528946 0.000000 0.848656 0.603982 0.603982 0.603982
4654.252930 0.000000 646.842102 0.000000 0.872791 0.000000 -0.488094 0.844377 0.844377 0.844377
4650.531250 0.000000 665.390625 0.000000 0.610771 0.000000 0.791807 0.627582 0.627582 0.627582
4664.652832 0.000000 654.549927 0.000000 0.556182 0.000000 0.831060 0.621879 0.621879 0.621879
4669.542969 0.000000 644.803589 0.000000 0.999516 0.000000 -0.031095 0.755372 0.755372 0.755372
4644.144531 0.000000 658.122131 0.000000 0.999906 0.000000 -0.013698 0.751943 0.751943 0.751943
4651.218750 0.000000 651.913452 0.000000 0.820471 0.000000 0.571688 0.664026 0.664026 0.664026
4660.864746 0.000000 644.098267 0.000000 0.616098 0.000000 -0.787669 0.856739 0.856739 0.856739
4656.104004 0.000000 662.105530 0.000000 0.969790 0.000000 -0.243942 0.799625 0.799625 0.799625
4647.883301 0.000000 653.114258 0.000000 0.763395 0.000000 -0.645933 0.891022 0.891022 0.891022
4656.641602 0.000000 667.721558 0.000000 0.380623 0.000000 0.924730 0.621043 0.621043 0.621043
4639.755371 0.000000 661.780884 0.000000 0.548356 0.000000 0.836245 0.651251 0.651251 0.651251
4653.673340 0.000000 653.685059 0.000000 0.480244 0.000000 0.877135 0.557991 0.557991 0.557991
4662.109863 0.000000 652.540344 0.000000 0.388442 0.000000 0.921473 0.602879 0.602879 0.602879
4641.637695 0.000000 667.439453 0.000000 0.317906 0.000000 -0.948122 0.992766 0.992766 0.992766
4650.535645 0.000000 646.344238 0.000000 0.806735 0.000000 -0.590913 0.853161 0.853161 0.853161
4646.814941 0.000000 647.668762 0.000000 0.948416 0.000000 -0.317028 0.785245 0.785245 0.785245
4656.947754 0.000000 648.848328 0.000000 0.018041 0.000000 -0.999837 1.015590 1.015590 1.015590
4649.042969 0.000000 642.192932 0.000000 0.556654 0.000000 0.830744 0.559720 0.559720 0.559720
4666.832031 0.000000 643.114929 0.000000 0.599147 0.000000 0.800639 0.606332 0.606332 0.606332
4658.554199 0.000000 642.625549 0.000000 0.505967 0.000000 -0.862553 0.847880 0.847880 0.847880
4662.146484 0.000000 657.584412 0.000000 0.948390 0.000000 -0.317108 0.808274 0.808274 0.808274
4662.761230 0.000000 642.082092 0.000000 0.998557 0.000000 -0.053699 0.754964 0.754964 0.754964
4667.327148 0.000000 654.194824 0.000000 0.999985 0.000000 0.005549 0.748923 0.748923 0.748923
4657.779297 0.000000 640.205933 0.000000 0.932440 0.000000 0.361326 0.704626 0.704626 0.704626
4643.542480 0.000000 649.265320 0.000000 0.999967 0.000000 -0.008087 0.751079 0.751079 0.751079
4648.670898 0.000000 667.227966 0.000000 0.441508 0.000000 0.897257 0.598319 0.598319 0.598319
4648.491699 0.000000 655.397827 0.000000 0.563566 0.000000 0.826071 0.614306 0.614306 0.614306
4656.851562 0.000000 665.235901 0.000000 0.009239 0.000000 0.999957 0.532025 0.532025 0.532025
4671.330566 0.000000 655.970093 0.000000 0.951553 0.000000 -0.307484 0.790292 0.790292 0.790292
4641.591797 0.000000 663.141724 0.000000 0.872102 0.000000 -0.489325 0.840617 0.840617 0.840617
4648.132812 0.000000 650.852356 0.000000 0.999512 0.000000 -0.031223 0.755148 0.755148 0.755148
4669.232422 0.000000 646.966309 0.000000 0.128431 0.000000 0.991718 0.560863 0.560863 0.560863
4647.389648 0.000000 659.824707 0.000000 0.965381 0.000000 -0.260845 0.786689 0.786689 0.786689
4670.749512 0.000000 639.857910 0.000000 0.798098 0.000000 0.602528 0.658280 0.658280 0.658280
4639.437988 0.000000 650.707153 0.000000 0.098075 0.000000 0.995179 0.564300 0.564300 0.564300
4664.906250 0.000000 642.211060 0.000000 0.999618 0.000000 0.027633 0.746142 0.746142 0.746142
4645.731934 0.000000 656.362122 0.000000 0.999916 0.000000 0.012949 0.747960 0.747960 0.747960
4650.859863 0.000000 667.488525 0.000000 0.999901 0.000000 -0.014037 0.751786 0.751786 0.751786
4662.797852 0.000000 655.533997 0.000000 0.860919 0.000000 -0.508742 0.817606 0.817606 0.817606
4652.578125 0.000000 665.851807 0.000000 0.984981 0.000000 -0.172664 0.781729 0.781729 0.781729
4666.637695 0.000000 640.661926 0.000000 0.998644 0.000000 0.052055 0.741443 0.741443 0.741443
4649.801758 0.000000 644.401306 0.000000 0.627298 0.000000 0.778780 0.639428 0.639428 0.639428
4652.825684 0.000000 655.613586 0.000000 0.546797 0.000000 -0.837265 0.940902 0.940902 0.940902
4656.395508 0.000000 641.632202 0.000000 0.860438 0.000000 0.509556 0.684377 0.684377 0.684377
4643.747559 0.000000 656.166138 0.000000 0.992297 0.000000 -0.123882 0.765174 0.765174 0.765174
4648.609375 0.000000 646.796814 0.000000 0.995216 0.000000 -0.097697 0.757008 0.757008 0.757008
4662.330078 0.000000 639.934814 0.000000 0.999714 0.000000 0.023916 0.746769 0.746769 0.746769
4658.586426 0.000000 667.510681 0.000000 0.059204 0.000000 0.998246 0.474474 0.474474 0.474474
4639.465332 0.000000 667.337463 0.000000 0.161652 0.000000 -0.986848 0.908625 0.908625 0.908625
4660.442871 0.000000 660.124512 0.000000 0.973635 0.000000 0.228110 0.712834 0.712834 0.712834
4654.957520 0.000000 648.645142 0.000000 0.258801 0.000000 -0.965931 0.943017 0.943017 0.943017
4639.871094 0.000000 655.403687 0.000000 0.770146 0.000000 -0.637867 0.841117 0.841117 0.841117
4654.488770 0.000000 666.982727 0.000000 0.995098 0.000000 -0.098893 0.767666 0.767666 0.767666
4656.542969 0.000000 669.770447 0.000000 0.998057 0.000000 -0.062314 0.758319 0.758319 0.758319
4646.761719 0.000000 654.682678 0.000000 0.821120 0.000000 -0.570755 0.807493 0.807493 0.807493
4645.961914 0.000000 658.709412 0.000000 0.253985 0.000000 -0.967208 0.936371 0.936371 0.936371
4662.481934 0.000000 645.081665 0.000000 0.521756 0.000000 0.853095 0.624003 0.624003 0.624003
4645.264160 0.000000 648.674927 0.000000 0.999192 0.000000 -0.040186 0.755069 0.755069 0.755069
4641.112305 0.000000 651.432678 0.000000 0.982479 0.000000 0.186371 0.733836 0.733836 0.733836
4641.457031 0.000000 665.555176 0.000000 0.757605 0.000000 -0.652713 0.862053 0.862053 0.862053
4650.833008 0.000000 650.149170 0.000000 0.832195 0.000000 0.554483 0.666968 0.666968 0.666968
4651.708008 0.000000 653.644897 0.000000 0.998768 0.000000 0.049625 0.742847 0.742847 0.742847
4666.137695 0.000000 652.862732 0.000000 0.850403 0.000000 0.526132 0.692580 0.692580 0.692580
4660.761719 0.000000 642.292053 0.000000 0.095777 0.000000 -0.995403 1.008069 1.008069 1.008069
4642.438477 0.000000 657.403809 0.000000 0.149099 0.000000 0.988822 0.576373 0.576373 0.576373
4660.288086 0.000000 652.699280 0.000000 0.871035 0.000000 -0.491222 0.824562 0.824562 0.824562
4663.124512 0.000000 659.198181 0.000000 0.988922 0.000000 -0.148439 0.771048 0.771048 0.771048
4663.797852 0.000000 661.616333 0.000000 0.777264 0.000000 -0.629174 0.838108 0.838108 0.838108
4663.932129 0.000000 656.833374 0.000000 0.466048 0.000000 0.884760 0.553879 0.553879 0.553879
4647.023438 0.000000 649.527039 0.000000 0.045514 0.000000 -0.998964 0.994610 0.994610 0.994610
4651.088867 0.000000 657.030579 0.000000 0.334453 0.000000 0.942412 0.590773 0.590773 0.590773
4659.808594 0.000000 662.546326 0.000000 0.965131 0.000000 0.261768 0.705145 0.705145 0.705145
4643.655273 0.000000 659.825012 0.000000 0.268270 0.000000 0.963344 0.509534 0.509534 0.509534
4670.725098 0.000000 646.112305 0.000000 0.284921 0.000000 -0.958551 0.957017 0.957017 0.957017
4658.475586 0.000000 665.717773 0.000000 0.741755 0.000000 0.670671 0.651103 0.651103 0.651103
4649.075684 0.000000 656.966248 0.000000 0.022124 0.000000 0.999755 0.579060 0.579060 0.579060
4641.267578 0.000000 653.900818 0.000000 0.542216 0.000000 -0.840239 0.874699 0.874699 0.874699
4645.754395 0.000000 646.407776 0.000000 0.261792 0.000000 -0.965124 0.981439 0.981439 0.981439
4663.560059 0.000000 653.324280 0.000000 0.999453 0.000000 -0.033062 0.754152 0.754152 0.754152
4659.266602 0.000000 644.665100 0.000000 0.954350 0.000000 0.298689 0.717031 0.717031 0.717031
4649.677734 0.000000 651.381958 0.000000 0.078270 0.000000 0.996932 0.503947 0.503947 0.503947
4661.733398 0.000000 654.084229 0.000000 0.278819 0.000000 -0.960344 0.966727 0.966727 0.966727
4640.586914 0.000000 656.806824 0.000000 0.914322 0.000000 0.404987 0.675401 0.675401 0.675401
4642.455566 0.000000 650.471680 0.000000 0.935032 0.000000 0.354564 0.689023 0.689023 0.689023
4658.215332 0.000000 647.883606 0.000000 0.771602 0.000000 0.636106 0.634786 0.634786 0.634786
4648.986328 0.000000 665.710999 0.000000 0.116814 0.000000 0.993154 0.524214 0.524214 0.524214
4640.058105 0.000000 663.448364 0.000000 0.906061 0.000000 -0.423147 0.827432 0.827432 0.827432
4661.083496 0.000000 661.699707 0.000000 0.831503 0.000000 0.555521 0.654881 0.654881 0.654881
4662.298828 0.000000 643.575317 0.000000 0.844775 0.000000 0.535121 0.697824 0.697824 0.697824
4648.604004 0.000000 658.897949 0.000000 0.826447 0.000000 0.563014 0.676600 0.676600 0.676600
4658.974121 0.000000 641.142212 0.000000 0.388374 0.000000 0.921502 0.630518 0.630518 0.630518
4656.219727 0.000000 647.541626 0.000000 0.992517 0.000000 -0.122103 0.764061 0.764061 0.764061
4651.050293 0.000000 664.000061 0.000000 0.970458 0.000000 -0.241270 0.782645 0.782645 0.782645
4647.210938 0.000000 656.090881 0.000000 0.973137 0.000000 -0.230227 0.775773 0.775773 0.775773
4648.136719 0.000000 648.300537 0.000000 0.999997 0.000000 0.002599 0.749682 0.749682 0.749682
4647.266113 0.000000 646.276917 0.000000 0.042589 0.000000 0.999093 0.583037 0.583037 0.583037
4665.619629 0.000000 643.989868 0.000000 0.799055 0.000000 0.601258 0.659955 0.659955 0.659955
4649.476562 0.000000 664.353882 0.000000 0.174451 0.000000 0.984666 0.533264 0.533264 0.533264
4663.497070 0.000000 640.816223 0.000000 0.697954 0.000000 0.716143 0.676238 0.676238 0.676238
4667.520020 0.000000 641.838928 0.000000 0.971467 0.000000 0.237173 0.710657 0.710657 0.710657
4642.291016 0.000000 648.561340 0.000000 0.993150 0.000000 0.116846 0.734376 0.734376 0.734376
4663.822754 0.000000 645.684143 0.000000 0.192242 0.000000 0.981348 0.580175 0.580175 0.580175
4668.141113 0.000000 639.848816 0.000000 0.387767 0.000000 0.921757 0.568536 0.568536 0.568536
4670.838379 0.000000 644.140198 0.000000 0.630546 0.000000 -0.776152 0.866543 0.866543 0.866543
4649.860840 0.000000 647.603699 0.000000 0.492453 0.000000 0.870339 0.674377 0.674377 0.674377
4657.310547 0.000000 666.496155 0.000000 0.997794 0.000000 -0.066392 0.757259 0.757259 0.757259
4661.669922 0.000000 641.256287 0.000000 0.999999 0.000000 0.001325 0.749817 0.749817 0.749817
4663.611328 0.000000 643.122803 0.000000 0.708546 0.000000 -0.705665 0.822385 0.822385 0.822385
4648.805664 0.000000 645.473938 0.000000 0.140659 0.000000 -0.990058 0.927079 0.927079 0.927079
4670.785156 0.000000 657.277588 0.000000 0.950994 0.000000 0.309210 0.713182 0.713182 0.713182
4659.717285 0.000000 643.359070 0.000000 0.977285 0.000000 0.211929 0.729908 0.729908 0.729908
4649.565430 0.000000 654.601196 0.000000 0.840403 0.000000 0.541962 0.670048 0.670048 0.670048
4656.480957 0.000000 640.265381 0.000000 0.337580 0.000000 0.941297 0.599470 0.599470 0.599470
4671.202148 0.000000 654.279419 0.000000 0.329644 0.000000 0.944105 0.590806 0.590806 0.590806
4649.938965 0.000000 666.563416 0.000000 0.559016 0.000000 -0.829157 0.883166 0.883166 0.883166
4644.815430 0.000000 659.280640 0.000000 0.416403 0.000000 0.909180 0.588122 0.588122 0.588122
4641.605957 0.000000 652.645142 0.000000 0.985779 0.000000 0.168048 0.728897 0.728897 0.728897
4661.237305 0.000000 645.459778 0.000000 0.358250 0.000000 -0.933626 0.891736 0.891736 0.891736
4651.410156 0.000000 666.343079 0.000000 0.009748 0.000000 -0.999952 0.948613 0.948613 0.948613
4657.647949 0.000000 641.458374 0.000000 0.754100 0.000000 0.656760 0.662058 0.662058 0.662058
4649.857422 0.000000 655.990723 0.000000 0.334666 0.000000 -0.942337 0.921630 0.921630 0.921630
4667.498535 0.000000 652.969177 0.000000 0.438998 0.000000 0.898488 0.634308 0.634308 0.634308
4670.105469 0.000000 655.414490 0.000000 0.992635 0.000000 0.121143 0.734344 0.734344 0.734344
4665.450684 0.000000 641.003113 0.000000 0.944453 0.000000 0.328646 0.701751 0.701751 0.701751
4645.299316 0.000000 657.652710 0.000000 0.837943 0.000000 -0.545758 0.840960 0.840960 0.840960
4639.953125 0.000000 651.888428 0.000000 0.961275 0.000000 -0.275592 0.785210 0.785210 0.785210
4657.297852 0.000000 646.956909 0.000000 0.659139 0.000000 0.752021 0.652229 0.652229 0.652229
4640.798340 0.000000 664.517517 0.000000 0.656684 0.000000 -0.754166 0.884620 0.884620 0.884620
4648.324707 0.000000 649.624329 0.000000 0.428709 0.000000 0.903443 0.612219 0.612219 0.612219
4644.639648 0.000000 649.834167 0.000000 0.860209 0.000000 0.509942 0.682518 0.682518 0.682518
4664.781738 0.000000 655.766663 0.000000 0.979409 0.000000 0.201886 0.723451 0.723451 0.723451
4648.577637 0.000000 644.076660 0.000000 0.859775 0.000000 0.510673 0.683615 0.683615 0.683615
4640.577148 0.000000 650.398132 0.000000 0.744923 0.000000 0.667151 0.687024 0.687024 0.687024
4662.927246 0.000000 654.356445 0.000000 0.669459 0.000000 -0.742849 0.856062 0.856062 0.856062
4657.826660 0.000000 664.596313 0.000000 0.945478 0.000000 0.325686 0.703693 0.703693 0.703693
4659.577637 0.000000 665.308960 0.000000 0.744426 0.000000 0.667704 0.651640 0.651640 0.651640
4649.657715 0.000000 659.481628 0.000000 0.440334 0.000000 0.897834 0.613170 0.613170 0.613170
4657.192871 0.000000 668.710999 0.000000 0.658741 0.000000 -0.752370 0.863618 0.863618 0.863618
4663.613281 0.000000 652.157410 0.000000 0.857107 0.000000 0.515138 0.682059 0.682059 0.682059
4659.554688 0.000000 642.098022 0.000000 0.899645 0.000000 0.436623 0.707487 0.707487 0.707487
4648.381836 0.000000 654.206421 0.000000 0.456390 0.000000 -0.889780 0.903109 0.903109 0.903109
4646.405273 0.000000 657.279175 0.000000 0.401630 0.000000 -0.915802 0.878414 0.878414 0.878414
4671.411621 0.000000 645.206970 0.000000 0.983640 0.000000 -0.180144 0.773758 0.773758 0.773758
4656.025879 0.000000 668.709229 0.000000 0.908179 0.000000 0.418583 0.692383 0.692383 0.692383
4658.550293 0.000000 643.728943 0.000000 0.044592 0.000000 0.999005 0.606403 0.606403 0.606403
4664.693359 0.000000 643.336853 0.000000 0.332999 0.000000 0.942927 0.578123 0.578123 0.578123
4646.185547 0.000000 659.794922 0.000000 0.460286 0.000000 -0.887771 0.901884 0.901884 0.901884
4665.801758 0.000000 639.923950 0.000000 0.887933 0.000000 0.459972 0.689457 0.689457 0.689457
4639.548340 0.000000 659.347107 0.000000 0.702025 0.000000 -0.712152 0.857961 0.857961 0.857961
4651.755859 0.000000 655.800903 0.000000 0.140262 0.000000 -0.990115 0.911866 0.911866 0.911866
4650.646484 0.000000 654.164001 0.000000 0.642120 0.000000 0.766604 0.651127 0.651127 0.651127
4639.487793 0.000000 660.708496 0.000000 0.529845 0.000000 0.848095 0.649060 0.649060 0.649060
4663.885742 0.000000 641.842041 0.000000 0.376784 0.000000 0.926301 0.640550 0.640550 0.640550
4655.650879 0.000000 664.934814 0.000000 0.217938 0.000000 0.975963 0.593279 0.593279 0.593279
4643.537598 0.000000 657.220520 0.000000 0.796738 0.000000 -0.604325 0.829281 0.829281 0.829281
4645.916992 0.000000 649.547852 0.000000 0.006286 0.000000 -0.999980 0.947295 0.947295 0.947295
4647.113281 0.000000 658.677368 0.000000 0.981809 0.000000 -0.189872 0.776559 0.776559 0.776559
4648.501465 0.000000 659.949524 0.000000 0.948749 0.000000 0.316030 0.710535 0.710535 0.710535
4663.301758 0.000000 660.396667 0.000000 0.259399 0.000000 -0.965770 0.919408 0.919408 0.919408
4639.449707 0.000000 657.177368 0.000000 0.420842 0.000000 0.907134 0.668610 0.668610 0.668610
4665.691895 0.000000 642.891785 0.000000 0.321285 0.000000 -0.946983 0.923607 0.923607 0.923607
4648.040039 0.000000 656.792542 0.000000 0.655638 0.000000 0.755075 0.655541 0.655541 0.655541
4663.789551 0.000000 655.157043 0.000000 0.679013 0.000000 -0.734127 0.854423 0.854423 0.854423
4642.735352 0.000000 656.411194 0.000000 0.702081 0.000000 0.712097 0.653179 0.653179 0.653179
4660.255371 0.000000 645.041138 0.000000 0.799702 0.000000 -0.600397 0.825786 0.825786 0.825786
4648.503418 0.000000 657.821106 0.000000 0.887140 0.000000 0.461501 0.697053 0.697053 0.697053
4663.206055 0.000000 644.290955 0.000000 0.991637 0.000000 -0.129058 0.765957 0.765957 0.765957
4658.320312 0.000000 645.196289 0.000000 0.134369 0.000000 -0.990931 0.906086 0.906086 0.906086
4659.217285 0.000000 645.745056 0.000000 0.343917 0.000000 0.939000 0.617425 0.617425 0.617425
4649.552734 0.000000 646.214783 0.000000 0.675839 0.000000 -0.737050 0.809351 0.809351 0.809351
4650.105469 0.000000 657.259644 0.000000 0.348334 0.000000 -0.937370 0.907315 0.907315 0.907315
4644.416992 0.000000 648.141174 0.000000 0.921974 0.000000 0.387251 0.699854 0.699854 0.699854
4657.576172 0.000000 667.449341 0.000000 0.764398 0.000000 0.644745 0.673446 0.673446 0.673446
4651.722168 0.000000 654.779724 0.000000 0.802484 0.000000 0.596673 0.677634 0.677634 0.677634
4647.711426 0.000000 647.185425 0.000000 0.997542 0.000000 -0.070074 0.757662 0.757662 0.757662
4662.535645 0.000000 653.420837 0.000000 0.299477 0.000000 0.954104 0.590978 0.590978 0.590978
4666.761230 0.000000 652.120422 0.000000 0.999962 0.000000 0.008694 0.749099 0.749099 0.749099
4661.794434 0.000000 644.408752 0.000000 0.580642 0.000000 0.814159 0.638052 0.638052 0.638052
4648.935547 0.000000 647.757874 0.000000 0.463416 0.000000 0.886141 0.672010 0.672010 0.672010
4641.527344 0.000000 650.326416 0.000000 0.940051 0.000000 0.341034 0.719992 0.719992 0.719992
4666.405273 0.000000 653.757874 0.000000 0.922565 0.000000 0.385841 0.708947 0.708947 0.708947
4662.570801 0.000000 640.988953 0.000000 0.742811 0.000000 -0.669501 0.817781 0.817781 0.817781
4657.070801 0.000000 647.906128 0.000000 0.854692 0.000000 0.519136 0.687298 0.687298 0.687298
4647.687012 0.000000 654.944092 0.000000 0.298115 0.000000 0.954530 0.629976 0.629976 0.629976
4646.364258 0.000000 655.694824 0.000000 0.959463 0.000000 0.281833 0.722958 0.722958 0.722958
4639.735840 0.000000 656.296082 0.000000 0.668765 0.000000 -0.743474 0.810035 0.810035 0.810035
4640.234863 0.000000 651.148499 0.000000 0.674047 0.000000 0.738688 0.678337 0.678337 0.678337
4683.692383 0.000000 643.624512 0.000000 0.988915 0.000000 -0.148483 0.766283 0.766283 0.766283
4692.403809 0.000000 640.528015 0.000000 0.745118 0.000000 0.666933 0.667364 0.667364 0.667364
4671.752441 0.000000 653.146973 0.000000 0.966922 0.000000 0.255072 0.699654 0.699654 0.699654
4671.576660 0.000000 644.061401 0.000000 0.994509 0.000000 0.104650 0.736249 0.736249 0.736249
4679.642578 0.000000 644.775879 0.000000 0.946681 0.000000 0.322171 0.687629 0.687629 0.687629
4677.676758 0.000000 650.593384 0.000000 0.823390 0.000000 -0.567476 0.842029 0.842029 0.842029
4675.777344 0.000000 642.813660 0.000000 0.996605 0.000000 -0.082336 0.765812 0.765812 0.765812
4687.854980 0.000000 643.528137 0.000000 0.956920 0.000000 -0.290350 0.803698 0.803698 0.803698
4692.860840 0.000000 644.098267 0.000000 0.772978 0.000000 -0.634432 0.881067 0.881067 0.881067
4673.731934 0.000000 655.715820 0.000000 0.943675 0.000000 0.330874 0.712777 0.712777 0.712777
4674.804688 0.000000 652.077942 0.000000 0.476985 0.000000 -0.878911 0.879355 0.879355 0.879355
4671.621094 0.000000 646.927795 0.000000 0.994127 0.000000 -0.108218 0.767511 0.767511 0.767511
4681.039062 0.000000 642.192932 0.000000 0.085079 0.000000 0.996374 0.557647 0.557647 0.557647
4690.550293 0.000000 642.625549 0.000000 0.493831 0.000000 -0.869558 0.825509 0.825509 0.825509
4674.115723 0.000000 645.001099 0.000000 0.842747 0.000000 -0.538310 0.790711 0.790711 0.790711
4685.023438 0.000000 641.222290 0.000000 0.242253 0.000000 0.970213 0.490400 0.490400 0.490400
4675.538574 0.000000 649.265320 0.000000 0.429260 0.000000 -0.903181 0.956717 0.956717 0.956717
4676.209473 0.000000 640.221619 0.000000 0.729476 0.000000 -0.684006 0.885185 0.885185 0.885185
4678.242676 0.000000 642.662720 0.000000 0.474207 0.000000 -0.880414 0.921468 0.921468 0.921468
4677.274902 0.000000 644.821838 0.000000 0.930223 0.000000 0.366996 0.723087 0.723087 0.723087
4671.867188 0.000000 655.403687 0.000000 0.337601 0.000000 0.941289 0.591894 0.591894 0.591894
4686.420898 0.000000 642.416321 0.000000 0.749634 0.000000 0.661853 0.618160 0.618160 0.618160
4677.260254 0.000000 648.674927 0.000000 0.967668 0.000000 0.252227 0.725436 0.725436 0.725436
4692.757812 0.000000 642.292053 0.000000 0.540406 0.000000 -0.841404 0.821611 0.821611 0.821611
4676.041016 0.000000 650.884216 0.000000 0.817716 0.000000 0.575622 0.656457 0.656457 0.656457
4673.263672 0.000000 653.900818 0.000000 0.515276 0.000000 -0.857024 0.842235 0.842235 0.842235
4672.505859 0.000000 645.429443 0.000000 0.387713 0.000000 -0.921780 0.865602 0.865602 0.865602
4676.928223 0.000000 641.666443 0.000000 0.185860 0.000000 0.982576 0.501640 0.501640 0.501640
4674.451660 0.000000 650.471680 0.000000 0.175311 0.000000 0.984513 0.595285 0.595285 0.595285
4679.793457 0.000000 643.209595 0.000000 0.855941 0.000000 0.517074 0.663460 0.663460 0.663460
4675.536133 0.000000 644.326965 0.000000 0.357134 0.000000 0.934053 0.663655 0.663655 0.663655
4685.070312 0.000000 643.072510 0.000000 0.044968 0.000000 0.998988 0.579012 0.579012 0.579012
4686.880371 0.000000 645.391663 0.000000 0.989619 0.000000 -0.143715 0.765837 0.765837 0.765837
4682.350586 0.000000 642.973633 0.000000 0.361441 0.000000 0.932395 0.618786 0.618786 0.618786
4695.493164 0.000000 640.816223 0.000000 0.991282 0.000000 -0.131758 0.770969 0.770969 0.770969
4677.054199 0.000000 643.356995 0.000000 0.980591 0.000000 -0.196063 0.779209 0.779209 0.779209
4693.666016 0.000000 641.256287 0.000000 0.248795 0.000000 -0.968556 0.899335 0.899335 0.899335
4675.844238 0.000000 653.214111 0.000000 0.613838 0.000000 -0.789432 0.859631 0.859631 0.859631
4691.713379 0.000000 643.359070 0.000000 0.535284 0.000000 -0.844672 0.822046 0.822046 0.822046
4676.145996 0.000000 645.530640 0.000000 0.658858 0.000000 -0.752267 0.810984 0.810984 0.810984
4677.487793 0.000000 639.856995 0.000000 0.792669 0.000000 0.609652 0.688313 0.688313 0.688313
4673.602051 0.000000 652.645142 0.000000 0.249076 0.000000 0.968484 0.631818 0.631818 0.631818
4676.635742 0.000000 649.834167 0.000000 0.786276 0.000000 0.617875 0.685837 0.685837 0.685837
4684.239746 0.000000 642.163818 0.000000 0.910397 0.000000 0.413736 0.702199 0.702199 0.702199
4672.080566 0.000000 654.242371 0.000000 0.738996 0.000000 -0.673710 0.831594 0.831594 0.831594
4691.550781 0.000000 642.098022 0.000000 0.653971 0.000000 -0.756519 0.811448 0.811448 0.811448
4690.546387 0.000000 643.728943 0.000000 0.069085 0.000000 -0.997611 0.857548 0.857548 0.857548
4697.797852 0.000000 639.923950 0.000000 0.952861 0.000000 0.303406 0.719610 0.719610 0.719610
4675.888672 0.000000 652.121399 0.000000 0.443523 0.000000 0.896263 0.616103 0.616103 0.616103
4677.913086 0.000000 649.547852 0.000000 0.116963 0.000000 -0.993136 0.890030 0.890030 0.890030
4672.971680 0.000000 654.977417 0.000000 0.897161 0.000000 0.441704 0.699502 0.699502 0.699502
4693.786133 0.000000 642.593140 0.000000 0.192354 0.000000 0.981326 0.651363 0.651363 0.651363
4681.278809 0.000000 643.256409 0.000000 0.239598 0.000000 -0.970872 0.922055 0.922055 0.922055
4674.566895 0.000000 653.166138 0.000000 0.205010 0.000000 0.978760 0.585613 0.585613 0.585613
4671.445801 0.000000 657.177368 0.000000 0.717373 0.000000 0.696690 0.659728 0.659728 0.659728
4687.289551 0.000000 644.383118 0.000000 0.783358 0.000000 -0.621571 0.823659 0.823659 0.823659
4673.967773 0.000000 654.726746 0.000000 0.871081 0.000000 0.491139 0.693332 0.693332 0.693332
4693.381836 0.000000 640.274414 0.000000 0.813684 0.000000 -0.581308 0.820214 0.820214 0.820214
4675.091309 0.000000 645.260803 0.000000 0.816059 0.000000 0.577969 0.705865 0.705865 0.705865
4676.413086 0.000000 648.141174 0.000000 0.814132 0.000000 -0.580680 0.809686 0.809686 0.809686
4682.007324 0.000000 642.007629 0.000000 0.050943 0.000000 0.998702 0.583951 0.583951 0.583951
4685.525879 0.000000 642.039612 0.000000 0.873999 0.000000 0.485929 0.693136 0.693136 0.693136
4676.456055 0.000000 644.093811 0.000000 0.998969 0.000000 -0.045404 0.753253 0.753253 0.753253
4672.630859 0.000000 652.773438 0.000000 0.643812 0.000000 -0.765183 0.828066 0.828066 0.828066
4683.345215 0.000000 642.712158 0.000000 0.070143 0.000000 0.997537 0.586052 0.586052 0.586052
4675.123047 0.000000 651.139709 0.000000 0.950194 0.000000 -0.311659 0.785161 0.785161 0.785161
4682.755859 0.000000 643.843140 0.000000 0.359310 0.000000 0.933218 0.618537 0.618537 0.618537
4674.066895 0.000000 651.321350 0.000000 0.410269 0.000000 -0.911965 0.877365 0.877365 0.877365
4692.261230 0.000000 641.497620 0.000000 0.600453 0.000000 0.799660 0.645106 0.645106 0.645106
4693.061035 0.000000 643.178589 0.000000 0.501014 0.000000 -0.865439 0.824916 0.824916 0.824916
4675.345215 0.000000 650.171082 0.000000 0.309877 0.000000 -0.950777 0.889311 0.889311 0.889311
4672.444824 0.000000 644.462402 0.000000 0.295616 0.000000 -0.955307 0.875268 0.875268 0.875268
4672.678223 0.000000 655.888306 0.000000 0.897225 0.000000 -0.441574 0.800482 0.800482 0.800482
4674.630859 0.000000 644.282837 0.000000 0.983776 0.000000 0.179401 0.737081 0.737081 0.737081
4673.216797 0.000000 644.917725 0.000000 0.946340 0.000000 -0.323172 0.782441 0.782441 0.782441
4677.652344 0.000000 645.581238 0.000000 0.361264 0.000000 0.932464 0.663972 0.663972 0.663972
"}
